0010b7ec1d9f4bea9f2ca750de9467dc81b75cbb2b4c82f4843e863615409f1e,True
0013a2d85f81640d17e8980e7eceb3e27711f9f1d9b008e9fe64eddfd7e3e2c6,True
009f0391a6ad93e17b7c8719dcbdb50d46bc5cb6afe8af2a60e00f4bcb41cf3e,True
00bd5a737b4ef0194fe438d108ddfb902655eebc30810182a25f3468644d43bc,True
0101030ff068e78bbee5ada477f31031448d6aac25cd4e087c0148c3b2469fa7,False
0108e07d10e0ef3a092c1490e3570d4740e2906178f2f997458a3e2a89cba33d,True
01b0afd5519e0f4b6602dcb0387e414fa65ece3a6b7338dc2df10abf2d1c5a01,True
01c31af7cd3c53adf52595a2e1a70b711e5f774bd80fe529fba299e15e31bf84,True
01cc57094a915b6ab00016d9c2e94db06271aab164bf18466d3ae6003c826365,True
02a05ebf9bc6cf8680de0dac633715ba2df54ed6c9bf2df23cfb5beed9a2731a,True
02faea4481281e7d6e4bd48f06e969b6a9854d4746525af6ccae7a9748b49b95,True
03f51ffa9c987630724a451ad872f52bf97bd257ad06b58b6194f5dec29c8f13,True
0457877267dc59b12e52c15a7167ab493eb2a25cfb5daefb6c008144e9da5f43,True
0484f64319255ae85abdf651326d516e0409a4b366b0a6ec80a1d3b6a6a10365,False
04a48f1ea58d9e0ee540bfe7cc4c0117c3724c91424c2afd35fcce4f88db7782,False
0501d09a219131657c54dba71faf2b9d793e466f2c7fdf6b0b3c50ec5b866b2a,True
050e0336e8dd0a3af979e5ff6102c4ed3a9543e5cf58becac31acbe2eee7065c,True
0537f1a09008a8f00becd2199608a85a4dbac31acd09bfee781c1cec3e56b5fe,True
053f8f45cf4934064c8e2cb1f95c36c2f72985b9c87cd5098fde69f95f05b497,True
054bf4c127bf529827a30eb246d24d7f4c0a8c610b6264e34160af91bc0ec855,True
05b9b2ba7cef56b08f7d979f09119528e4de33b6165599c5f550b8c3c7a3f9d2,False
05ecdaa3eb68ed8395f81ffb1c8f02bfe1f9a63e3cd7bab718f3b9ffa2944096,True
062091e8dfcd454183cd27936fc78e170a8e52fd7229321ec40e912825e22684,True
06a152194976346ea573394df32e58244ec5f1d9f97008d1fd69ae7146f47c4f,True
06b2ab16e068ff058fd7b142d331ca7b694c4a311320c6a6aaee7acdd38b2402,True
06da4f2376263822172aeafefb3ab07e2d8faeded92ac9cfc79d1aac394be652,True
06dc6394565b70ac8efd2cc98225cf3ec9b5f7711e036189b186340c591e4f67,True
0758146425c10208d3c8000b444e5f3d1ef203918e1b60a9f9f01214564fb9c5,True
07e5075ead822797b238e3a14b05921cbdce0e126166870fdb12b8b404e8db37,True
07f678a2738900d3046868e70cddd95171240f3319c24dba741f95d5763932a5,True
085758594b8004ffcd2c0b7413d67c3fd8024d8915aac54b95db59609c7bd55d,True
0871bd3afd1a0b5cc15b3dae103e3519235ebc9f9beb229bcd7f8103f65cdb91,False
0875f2085b2f40b96db96d317cfdd1d870541182d4200de33fae9cbefaf07797,True
08960b36601485c4589ad186cc3dea99dfbfe15b40e3d2615747791fdf137674,False
08a0affd61847d592229e688c807f958c18916c8e11d2eeeef14a255ddfd339c,True
08b8668c1c976afd120ca53dc72123bda5ce5e4e73aa415d0011fecdccb8b3ca,True
08d35da19df385f60fd842308a6c0f7c84eccc8dbcefda02e7c099939e1a8b36,False
08e6cb8c0bda2ee56050482d5e190c66269374a691dfd623a497dbf1171d93d1,True
091391f47cae2e2623cf30329d91c093ec40f274eb950863a94935b0e57954c0,True
09165d1bb48ef976dac9b9cee3c66d2a2bf5c36b455f480c5db49cd0ab50865d,False
0926d34feb430c936dafe0152ea5b130047767da1e0aa78d20b13df50670ffb0,True
0949ad6bf2c4b3bf494f88d16973650573daa32580f34981b44ef461ad08aac0,False
096e104dd53a1aee1532ea8b52201360c3b85f664b8ff3d2242fb61b97c1c3d7,True
097732716b5f176fa3dd8e77519be569e243d2469c7988bd6167c1c0d7e2309d,False
0a0c50dbc5d0c9811bfd0552ddd075e0e1df2cf07049cc546e41f9bf08cb8290,True
0a9668442ba25c144be0efe0348d32c9376af8d5729741eeeaf9dd4ba4a41099,False
0a9c93af93718bab8e1d620b1dc4a727f77e9d7bc421ee9ccc59f5fe7f154837,True
0b7609e449e5872e1223c2ae6f26253640b0cb7981e7721e5b3a25a28a1fe579,True
0badc0cef14dcf7836756a1fe1636b2843216d89b42da9bf09f63b86c513feda,False
0c66455c62f9e8d2755760f97d5e51e26267682cc9a6ec15bae1f1d0bbeaaa65,True
0c6e0acad7be001bce1e5c69661a79c775057f8276871bd362a69d03edb5d502,True
0c9d13e20ab3a6b6c5b28abcf8210e1f626b06e39eb542ada2414350238f55fc,True
0cb6db3b13d90d34c76a8978afe08abae24991fa0d11cecd642c7714f9b376a8,True
0cc8d93630b4068b0b72119c061925754274478463014d05696a34603f88eaf7,True
0cf35dee450f97c6292a678eec6cec2c682abe638925be45ab06d865bbc5a1bb,True
0d80969bed36c40e3cbf8e66111c6d7dbc4b75afbbc34814864e9f09010f9173,True
0de2cf050e4bff3c4a3bdae1ee3cb505ca7e840d5ce4e719717c2385f1113bf4,True
0e4032b14abee13511af9b764698fd6ad91d5b8497a7f8e8cc30f81bb0c31a47,True
0e7012a66e5d3c6ada99f6dcf651fc8a29f31aa74083f76ee96992df0be54ffa,True
0e724a5112ed91fceef060ac76d69321020734afb2902e512b2c5698123faf94,True
0e7e6473a8a924640088dea5df76adcab081e2c6e01ca674d4df54c5a80abee3,True
0f3c7a6cb84441e196b92d391b44f892b269593ebc326a9718d8e94d4d24987d,True
0f849525b31bc8eb26642e47cdcf9a3b9c945e5e481dd427a3175486278ac2db,False
0fa17d47e42b98700369782207d3e4579b6bf24785134a047fc945e019ccdecc,False
0faf46b77e0dc61eac5dab98d372ee9ffa412a53883d901c00887de6d22bdca2,True
0fdb1fdf6a1aaad1202492abe253758a4711c55de6db3ed52682dc77a7bb53c3,True
0fe82d10bd3a8156f1953f239d6afb87ede65c2f9b83bc76aed9a7f09ef55f26,True
1001a8c7f33185217e6e1bdbb8dba9780d475da944684fb4bf1fc04809525887,True
11a503559d8b859e31887a495abc6a0032e2b4956b078746368654fc19f6a374,True
11ec8f454c4e95e99a07f7972c48a19240e0d1058d3b1456fb32878c10c1dd1b,True
1214fcf60b88a08f596efec828f1ea8744b30aa6ff141c8a98f45dc6b2a51658,True
121ae5f10dcf3d17712963a24c03b3abef427781924b6b72f2b48dfd1e6f3607,True
12422077f8200a2bd4c1c257f401332716e4c4cd28cabea11e743225a341bf40,True
128419e25e710e6c47d821dc5a538e1cf4f38642adf071bbab2fbb143b4ba178,True
128b4d5b46b29d5a788f28a9059f7ad139afea6a686eed22acbf05e33ecab3f9,True
12ab0f4389fb376011431b9ffc35cd90447edc980b75574b6b376ef0fd50fd59,True
12bf15f7a36dde34a0ab6dde0192fd9769c68e124cbedf9a08bf9a2930ee2b9f,True
12d37f94ebe64d74e7cc1a4290af6797832b512a223d03d410171f47cd979065,True
132f4b687fca2ea6031d2c08c51ffb634bbed67545c0a2e8f62c1e0e137782a2,True
1345cedf79ce0d8f9787ab89aacd9b412fe34d27ad8ff5477ed08c1128c2b63d,False
13744be5698ffddc96d55415fdeebde4921ed199b4174251d83f1fd5b5a05c66,True
13c73dff53867a75126ec548cad96b47a82f412dfc347b7b68c97fbbdb33d818,True
148b786875a522315116536e6cb4c3564e7e631c44f401a2ac51ac4ee45ded1d,True
14f2bb023e9829a0209141759a88126d346f3bf1121c5c400d8719b060ec8cfb,True
15144f4c94fcf98feb2f6316930c474710783c27acb9a030ecd78ee440f035a6,True
155627897cbfe455dd97dc2b8cf2367c5803f2b0fc4cb40ae609f62ff53ce299,False
158bae12643652c0e08748cf318ef34fa3cf4943e1fb0cad03e7a8145b55c0c4,True
158c503fea108104f179c5f3dd77ca6a426383c4b0da19c82e40231a3eeb60de,True
15e9ba88a28765d93b02f29f9d9eb6f800a357b6183cc6bb567c48ae49b2807e,True
15f8834094557f509c52b65b3cf8bd1dbe8d2760c50101ea63226c397d71b389,True
160e794927f22def65aabed87c0df694eb0e9f3ac41113e726b8c26a74e28e18,True
16716b7f450f6dc184de1c0006f531c0ce5437f1d28133fe896ee31b794e7ee5,True
16db65045055e8e0248a6ee934f541b1b1d6b31813a97a5c25a065d03d35cbb3,True
170680a09289ac6969171ff4173cd7a17106b8a5a3443ca4c987cb32bdc39808,True
17f1d39417de8a58e1c64a84aa10499cc0462748a47d3e82f358f97ef536a671,True
1812c3277ccac3444894057b94558c452df3331202279a65bc5200048a003b3f,False
187a40c80f0e837cdce06aae645e185e8da0b82f7ef922f83cff3e4fa27ac421,True
18cd3063dcc655b5b9bffc3692d2e2fbc7199ee08e9c6ab01a1d7a6d6b9cc10e,False
18d0f0d88118596779630fcbe0328a4067b0ac5e65e7b5623b375378207246f6,False
18e09ed01716f5c494e54b1ee236532efa893634ba3d0f0a2f973cc0f2f56243,True
19aedf2b14d90e4cf5df0a8d533b1b9024ffa46ed56434ddc5d0ebcaec2487e9,True
1a3c864ad6aeeaa132017752d4eb49d8f23a7da4b651117e28176b6b2c630741,True
1a5d0ea67ecdc0031e3f45c4486b68596d322e1770ed382a5b81374253c2b58d,True
1b3332ac024389903f2d1f73ea7b758a8ce521a1fca4f058d955c99709672db1,True
1b3502ee01dc062c93fb6bc9424bd9accfd488bee939ed538428a94f37d1d74a,True
1b9a2dc6ca050349b9b0f180706742b64e734eb334c02afd87d7108eff1d4ec8,True
1bb8f0bff992068eaf0d4c18735408f3bbdeb60cc9085e0a7d44cbf290b13dae,True
1bf200243f1f9227d2573320292d1d0e7dad67b17b85ca3cec0515cc39a5edb9,True
1c4ce65bd75a1093b173417455db9fe48fc948cd5e35ea9418018b33e0dcecf4,True
1cc4fab54263dfa842c80a72b78a9c223894264b9b4f25263d8fdc2f69def8a1,True
1d39abaa47a45fd4ff89e1183c6d7d9e7755d41962f8836d1d348d0c4ed3b1ee,True
1da0644ac098e2c392c1cdab654f8f9d95b0af32471cc1edbe912a842641df31,False
1db589cc2e16f2e9b2530fdb7d21f676845230a7675e179c85808a0f83770c0f,False
1eb3ffb0fb85f3ea3e23ff4951f0902a6362b9c42106e79b705ac8aedd8b21f9,True
1f615d78b355710026465136efbc424c3ce9d3726acb7f0a6be2fcfdf755d13e,True
1f6cb347268702278d121392941d99cdd0c41b3e7a0f472c00c8ef9972f2ee34,True
1fc014209b6ea611c6b38bd3f77802ef1dcd9f43e61e98ac66f8d356f10dd176,True
2012a5289f3b66df67bcbebbffc391ea07eb0a96ebb6892dbfbd0e238c620f3d,True
208c3dad7d46073d474f2bce39c39bf465f4b008f50c06163f8879c230719a1e,False
20ad54843f6b794f29cb2405c2e9c4e613bbe7d3a7471f1b2be4475061dc9e33,False
21f88b697a09920cff8e006f16c4ff42b22cedbe894c8f0a0c381ef2f8f393ca,True
21fda73dd761f3a421f9cfbfa0944ac3226ef3e36905de421dd69060fe1a4b7a,True
220afdc07395514a4a517473cf3473cf1307ae597cfe924b0d05b0958f68852e,True
221cbe3d9337980d54b25da354e9668353bdce5fc307905821617dc767265d90,True
22cdb432f7d20f06b120789c7f089f7b376d02a7d1576b3ab0e31456376ef47b,True
23055a5ddc6e91c5d2de86767e0951c96debe2a78eaa00239e6e9c52d7c49927,True
235df791ae7391e3d73a6b64cacb1b15ed8e6e6f22bbfe50f91f13d5ebc84f6b,True
23cdc1c10ec14bc9d308739e4cc9e6d06e32375e65eb715bcd5d3a4649cf5737,True
245a20192e8a60b33f64b2b7d118c9d5db7cd4a91179df7689a37e8ce7d29d20,True
249a75ecba6b1709483623819976534621aafdee9b9bb0ee425df91a9af8fc63,True
24c43375fb726dbf16803dd6289d64984d9de0ed10f6bcc84e3f67b8a52c6904,True
2507ed3ba3db274213ed6f01d08da0d9db77b3b83a522999f3dd6912af282853,True
25300a6afdd9084a8ea11d4881387ab2545652380643603f8e5fb1da74d57486,True
257ba93dab8da864d90c650cfd8b28bd5df50817f574febd5ae102648c5abf1c,True
25ccd9df5e9266dcef831c561c39f9968cc565ecc28132d80c5768484d3df25e,True
26bc3f623a9937fe3f33af5039cc6a09b9e33ac1fcfc2b7a282529ee9caa4ff1,True
27653c130226419be628d8d4bc593e0082b07a6a5cc87e0fe232d7910bd25565,True
277e24866f14e56d5579dad72d309676a55f8fb446085be4679cd42b61eee918,False
27c81964a136a6fc9125ae45ed9873402303c116db13ec14b65cbdd60606eb89,True
2821371cf46ca8a97424f09d0bcf1e55cb4e89afd8c903acd1f6d917fa0c5963,True
282472e5ce51674338ee76271b47826134eec156881b186646dda5a6ecd16433,True
28332d3e7e3ec9047ce5a3d3304764345680189e9def1eb54565d7c952bc9bc3,True
2897b33a90e8350a536169c6fd0d858bba5b33614f36c51eacf309a1a3bd6f36,True
28b72070d6af0ef8d0bca993ab7a9997f95dad4b4b0963869d6962383f0647c0,False
2951ba641cb9cf539b45973fb7d178aaa0b511812b4e84f42dd998cbd8363e2c,True
29a1daaca503d16f25e0a53fee4ef48f4718fa63ed0f8e141561cf3bec355cef,False
2a187cdbf09aca5958c000b39783b1974b3493353853d59461175826852bd4d5,True
2a2dffa21a0803c3d837ab4df1844a649b97c09602879b1356569b61e1cd941c,True
2a4477b3f498cc2c7da2e68c0719d8f0def3c85d63f931e714996829153fae81,True
2ab209c8b13fc820c0f2cd15de422053e94e2ca02b939ff97eeb2abceb5bb810,True
2b0a0558db511bed1250077dbb453ac0070fe8d07148050ffc7b4a6ac3726657,True
2b1fc6582e816e95fcb9b2c9cf726176ea3d2c54806b312ed10b989f7713eef8,True
2b3a34c9823e49aaff649a3e2379351388f575c5715b503d0df336e3724e06d1,True
2b3b8c1083bb3e4524b758a755cf17fbb352aa92d272912997bd0674365d6d02,True
2bb69d10c71e28bbb51a7f6d261ee78b31c289abef0fdb8af28d6c7b4de5f5cc,True
2bcc4315b528b9e1b1896042dd07483b4f9275271f05fb484bd92c2cb2b13d97,True
2bdb87ec72b7d7735f116e40df23e9999bbc43a8f54d57a381aca468fbe8be79,True
2be793fba87cd5dbc7d1c89f31e2fa18ca34bbaf27a624e09a10f9b962f55373,True
2bed887fca5ae34bb249eb750e20b7542c9209a169745ad2bd9176618042f8ee,True
2c297ee99f448a8dab452f6317dcbfdb9510ae07b70fd6baa486ff46c0fe507c,True
2c56b7eecbb1f8bf1ffab07fe19f92dc17f91675cf518565c67bb06af8b11916,True
2cd2f077ca597ad0ef234a357ea71558d5e039da9df9958d0b8bd0efa92e74c9,True
2d1f6e9c74a38ef216403f61048d294090f9cb70f4134c2d2be419657ac3c5bd,True
2d24effcdf6f620d368752b0bba8f2b96b01b82d95c36b6d5b34ddbe7740362d,True
2d36197202de1252094746803568265adac779d470026d2a7a63bce39b7a411a,True
2d75c6c5fd7e960e7ad6db549aa94a859a9adb6c7fe519163ded7f2f4926e558,True
2d873fb5e5df1ecafccb3eeaa6dc1835676d7f43938ff37a623285a086d6208d,True
2d9309fff2f138178f8b7a7f339090fd67f1300b3de700980d6733c37315e99b,False
2dc7864d279868914b4241a995c7dcaed8e739a45f75496d11830b81a8786d71,True
2dd452add7571434898c24c9bdb636627b929b7620a3bcb36c3080b86def4818,True
2e0008dddec3136ea48bf0b54b1f4908b9720e9c1651955d7d896ba09f8a1893,True
2e230fdd1d2e2bcd69a3f13f4902d45b197c23cf1aef16cf6022e881c3208555,False
2e447387f489988c6164acfe8620269636a8556bd17de28aef104742e12537d4,False
2eb89e9992d8786b1043c271537d624b71c416dc4e309eb7621463e43afdadfc,True
2ebe23ba9897d9c127b9c0a737ba63af8d0bcd76ec866610cc0b5de2f62b87bd,True
2efb7b693111601d28114e0e9d373476646a6fb32dd80de9ce76783d3102603e,True
2efdfea9644c378bb7e04dac7b7a2b4760ef9a4925026a3a23d804efefd2f26a,True
2f07faa842c8e1409552e105891a79b6ded1798ef8b3e849044c1d16275f6deb,True
2f0a938885c5880c83b895eb195d6a38dff5924f12fe39f2f4db7910b3bb1525,True
2f476997ecdb5116621e72532460d7149299a6b058bee5b58501484da80d523b,True
2f4f9f93cfb3b99691457b9e733982d14ca5a8af248b4130c0d5f8937faabd62,True
2f526d3756e8f59616b5f69c9527d4751594ea82464c971eaadfc04216d0b27a,True
2fcd24d3c153b7f35144d157aa3a397b2c69a0a668aa4d4b61c76a7c8ddd010d,True
3035eb9f0d68f728ec08a54965674bb493bce9e4986dd360a46f752b9053ee82,True
30a2b97369cb49a104c48274ea39b1af4b3a1eb9f8ece684632ee00bc409daeb,True
3115da1c274f378293e579087aa2789d86c4de13f1db9f7a5b5468c55f101c79,True
319961e3cd13d871dfff907b115251383fdfe8755978b90ad1522204cf4ccc69,True
31d69012fa3aec37bb6eac65a5d5f294eb450b5c4d7c64ed5ac0a57a1bd6c039,True
323060680fed9a3205e3e36d2b62b7b5b6c6e6245e4555dcc733cf6ef390f41c,False
32858494af5f8ee5f49b7d67894800a340dab412adf1b4326059bb14916c8659,True
331477c8a32a61c122285be40eb36545d6ff48dbc7a83acce7dddb5bff636e98,True
33f782f13421181c2c8e6b346f3025883422a73ab4fdf69eff9450877a748657,False
33f81db1ddb6b353e3580da8f71987e18c132b44baeff5101a45ed77dd7c0159,False
33f93086c8ad0c614e01c503d5c299b5fc86c480007597756de02884bccc5e67,True
3411be33cd514a23e0a799f888ecafdee90ebc724077e078babd340c02b3e444,True
3414e421b9fe7ab68dcb492c20cb6a67a8d061711acd3baff0bcd3a24eb8a276,True
34476544e1ed6bb713615968fe6eb3d6f2f185609b5e52ea886fcaae272afee8,True
34cd4efd5b358e557b88e0cc4a3bb16019664d074ee0c9b895ad49c44b2ce2da,True
34db50498fc68bd69ee687abc8634fa85228b02f8683267e70ef54e625316060,False
34ee31adf966bf50a7fe0f897590b3002c25edc2a36f9ee70adebb7cc76da160,True
34efc543781328d0d7161f144577197ea501c83974cc4edc0df012273d758d9a,True
3526c978b146f74305e09db87dbbb0c2e1f0843df2cbd219ef8a65a40305169a,True
35d9e93b8e7e1a2ea7be071e3d19b3a3ca1226aacbce3e5593c8219448e89525,True
3605daef92fa748c72ee75acc49d93ba9b42bb92586c9fb515d327bae2d34287,True
362e976d80d02f603c2168e3db721989cd44171de8d8888cb384f34a8a34ab71,True
3776ac0f25def18aa1d95847aea747346f49f5819c498fe97c906e9695950b73,False
37900730c765d65c6ff1eb8f8430e8b016512beb5b3e442ad74bb5e690b05fa6,True
379ccf754b70aa15e6d95ce3ff7076eea655b6c833033c3a95e8c6108f3c0f59,True
37f4de4ac5d64d68e8c468d06ccc1cee1142894dbd87e63a6a53a3098db6e747,True
38551ac94a802a76d2c7d81e798e65121cec940ffe30d569330e851d6723acd1,True
38b7e813402447704258ca274ea142fc05f52da70913bbd3d31392a855287f8e,True
38d7fbdc314f881b461c766742a26d3df72c553d25c8f1c20da1adcdbea1afef,True
390ed1dde4ff03adfcf67c59ee02567ac5665bb5e029eaebf0332bc81e4d1891,False
3948c1e5cfe095515f317b8c48a0732e4629ef4ecf1e4ef5e25ab1f01c3241c5,True
395133081793df5c1542b9e77a64a5271d1b358c1a7db674108a7624a9104809,True
39d52031b3b23bfe0df643388b37d553547f7ffe8b44c186af565263887e771a,True
3a14ea9470b1c715a0c38ebb588bcc0d5546e68a02a01b17cad520ba0b191134,True
3a51b888edf9eefa97a1e129bdad76858716757fa2b160b44830bdaa1f3c2f78,True
3a8ba306599c003e05fd249525681fd5ffa78fc066773d5cd53f1c83ee8322a9,True
3aba02f8b1e468adf8164eb3932c56bf1082cad0f3c94a9b315e51ced8526669,True
3b80bcb5730ea9dd4b2b7bf56eec7c8bc8dd02eb49e434ff68caee15ecc59d28,True
3b95bf80d167c23f7744d306d0a200231c8bde551941b63f73d94a6b72174347,False
3be658e5c91bcbded0777881592d53f65b182857a6dabf30c58245921272aae2,False
3bfdf114998cc67d1853f54e5305b774454b68fc190964a64af30048ca34b926,True
3c15327363831cc1f832ff3fc3156339c546dc72ace1342502b5826416adcd28,True
3c7c5fb965e63d99a394d2742da9efda4cd70c4f95d68bcc67816ece7d127add,False
3d318fe7e857edb9267b1b826b71027ad24d9872f8540a707f1e2505a43c95af,True
3d59c1b58d638d953978177f75eef3a731e5a315ae390ef1ad6f4f2864ccb9cf,True
3d9d9746dab8d68d2149a28c8790910c9f0593a75bc42d61652b09ae97a3d691,True
3d9ffc27500e20102800e24fb92fda87c6228bd2cacc9a9c660442c84fa0ce18,True
3df0f256ad5241af5c4c20fe732af0fd96166e7c2746ba0b91a0359813a9f783,True
3e1f623f0b2c1b85bcbca396bbeb79e06db39138a004c14201827ed1a8ca377a,True
3e5fb4a0ef4bee88851f16244611c26c1300078f1771b7048310c3b25c97df39,True
3e7d7ffec0914a65f010b8a994fe91efa814e2e2a99ba5e6d349aa0b6aa4a19c,True
3ef6e2d77b69452be6d8101b1bc029570af3af86495111bbca696c92345547a9,True
3f0c694d090c2cec0e946eb7a85126c127106211f198f391c81832928fd6ea11,False
3f677cbdad42987fd876d343c43facefa8899927bc87e865308cb9e5b12c31a5,True
3f6a3b84200492b88dc185c7db4bfbf78fb08187f2f4c1eabb573a3e9337c63d,False
3f88f0443415341f4807693ead6bcd3be97d7437ba10d01f7b4969dc4ca53a3c,True
408b193a8fcadc5e16a9d81012fcab5b79d63cd26423db4e24c8f128d086ae77,False
40a30c28d47496811450e8cd07ad3640dbba7cc270ce89b5da13312121e7d7ab,True
4115b8dcc5fe1686132189b3fb783c4e017d34581688618358dd93c76075f0c1,True
411866fa8b5f27b7254d3bdc1b152c33e8a6420ae444f5242023df50f06b2c21,True
418744fa1ade539c280461387df87dda6bf84c7d755ebbbdc6123fd5659f9467,True
41f6b8bb06f5551cb02b8fc1a49e97b377a0e46db6f66c6de45fc85195cbe012,True
4269dd50d95fd554ac2d49feffbdc780aaba6488782c967e8f53626009bdde12,True
42ab2450f0d6513cd866d8a5bf33d728569ca37d8428ea4bec47f560bdfc2992,True
42ac276b5c8ef02ce840e95ef1992a5d1eff163faba90e3de9fb6633c8bd040e,True
42d18e186ce411812e02008023380c2f968d4e1a304040a7002ea56c77bb7342,True
4311267e7fc72741ebf8919143b3509f2c95d5cfa30c5b0a8c45c07501b7834f,True
438888ef36bad1079af79daf152db443b4472c5715a7b3da0ba24cc757c53499,True
4390dddf839f96d8587b2606617bfc5940183f54cafb1d48fc5c1986a31238cd,True
439cac529d487cb5e85ee8809b9c9566c3febd4b9feba321016304f2e6cbfad6,True
43ce833e235d033bb322611f4789a3d54037b9dbb23397748af2bf71addd4606,False
444a16946d94ad161477432da668856aac2ff6b3e283bb944071812f5554f526,True
447de9f98d9a2e15fd94809353e7489e4448a3f48aa3c8937d8dbac8ad4c11b2,True
44ccaf612dddde11842167c8d5b7c336272ceb8c332f1325abf3e690382f02c4,False
4500eda0f4d1cf716592b3e4d2576df69c3a68b585c6de4b560452454474c831,True
45019feacbc0f134ab73298cacbd7283fed41bb664fd9336759b29bd249adb5c,True
454ea978a72358c84a2964e48e27d2b5c0286c4a2036dc0e15ff8c9723fd6d40,True
45cdd8267e4776f9c1889adbe0da8cdd42b8cdc9cad1ad788464bee2b11c4bf0,True
45d0efaba2caf518e649d387606d1ebe479cb8f9fe3baf7259f2905a6c9a6b96,True
45d3214bd87ec6dfd30e5a1d44801939645f795f48a3eb5d6fdd04fc628e14ce,False
45e9234add22c91058024b82e30c0b63571122e9c107b6e1d760c3cfaa4d7cbd,True
46203176bd4f3059f97d3262e9ec13671ea3b6f40b4be57f6ee64c6969ce42f0,True
466152ce57063783bc73fe86736ecebcd168335df5212c71f6a15cab3cc2b5ab,True
46b4b2389f1560cd54de61d97335027c5ea7d8967b16c328d456927bc58538fe,True
46ecdfebbc4147cb426f5db7c417f6f09ff07e214825c2b92c416579580ba345,True
47749f50fc106280a9d25643ad73d1708610fcf61c1b83ecbfe8c64c86e340ef,True
477b4c4a0b4a95ad547b7dcbb4285b2d11775d10a31be8a10d1d0e82f55ac40a,True
47a79a05ca373636bb5ff70d34ae5e5bc9deaf18b45d7dc55ef7bcece399d952,True
47e5212d6dd824f18b5ade681543e30d67820f61f37cbbe6b8e23187b5676a08,False
47fc03f67fe9678fcc2a68bfd2fe0d75dec153ba66f84088395020b28cc7307f,True
482e5fe773d626bf512eec924c456ff4ad0514da396a9bc5e3e89ce2f86e7472,True
4853f6116a561395c5d4950114e750e3f140622e5ebdfb21db1ccbfba1e67941,True
4879dc051003725373f148527485d72c4108d5a7e9cca334bea7bccc993243b0,False
48a5d085cf6540b1dc286bbaa17141d6c40d3aa37a6a92c6326873ca98f25e8a,True
4956c7edc7eb8765ab322d700fb15d2d5132f1f54fec7c1a46b6e7da78e81b5c,True
4a8717223bb41c1a9ef72c6692b7c5764ca942f665ed6fac72d75db5a710a1fa,False
4a9a6b98e12d8468bd4f62ad46e196cd4d63402cbc2b4cfa9dda07240065d7ed,True
4a9c93e088da7f15b571b3595624ae59f112d3f532c8265178d4cc71f7ddd8b6,True
4aa12984de37ac1fb650f1196e88fb5a64707e571382d641e1c70ce82e89cf0a,True
4ae98d07149ba3a2d9e00594f4da6e65c0386a6e95c0fb168a05607cbb0d2a65,True
4b0d72fd6c23df11b0a836e7cdf73dcee7a18c6825a342fa239797080a3b4cc0,True
4b0f3dd16fcd416c9cdcd55e292a5a04ee6c1114e99935118f375f10ec48b5bf,True
4b42246e573c243f6d1cd35c21ef7d96f2ff9843904191557ed1ae52d531b6d5,True
4b62c2296736f0d1d6e0f139d02d9671784b5858b7e428ad966c8162ea2be0d8,False
4c18e4450f968520a7eff7754d5a727e493f66943a0a69b2545596ace09e6578,True
4c39262cac1e819833eb53966c47bc3a9007c851e49c800704233fb4ebb89593,True
4c7aca439ee1e17da2f067197025d768317dc4f0094397f8da48f33941fcaa2b,False
4cc01e8d7051494d6e9401f82cef1ff36fd573144edb8aa547d4692eb76a9632,False
4d20cc81fe3369624b78b05419fea8efdf9f147fa13ff541561ae4298b3c5ad8,True
4d44d96cbfb3917e00aa7f17a3bc3e50057903645b620c959fd23da0d7e195c6,True
4d6ae0a40fcc30fab170c3e70dd5076253ddf9fa6ec0886d39cffbd9df99ae52,False
4d6ffdb9c2284b339103a293a94b37be7d7dc114e022fbcb101527b1bd7e7b8a,True
4d9e0a28423515a1574837873cc75c3c495daebf2247e5353f9028d97ccf3fb6,True
4e46e03a43a1b2805de578d2d0e11f7570f477072cee9ee4843fc7273906a5a3,True
4e6012a95e4daac2ddb4a6ebfbf11d702fc848da567df7a4094f83abb1f9bfa4,True
4e6ebd79919d1647ed1b3c819f64b3a48f62513ceecda2742789f232e380c8d9,True
4e998800b102360f87df8e0d379ace3ba4981f8fc158f1c88c30f494463994a5,True
4eeedf302a790ebf73335c3bb2d579c9d03e4a13893aa7a9c98eeb2ca8a9576d,True
4f5eee16fd804cefd82922d34b6c96de55a464d8462e647ca6c89115a1f43e63,False
4fe304e1ceef6b6a6cd174669f74707f5d832911fc7cbc6a07e50c84d1703c4f,False
50ac458169dd382176f04c26b8538ce829c903bf60cc2fa5ca7681feba1a7a98,True
515e5105f1bda9207f1342220ecaddc6dc04b8aa54149e7cc7ccb38225845d03,True
51a075dc2da10d7ff1553fe1e504133f4e2cb4e984f6e5127d9e81616f2a0623,False
51a584528b7e6df7d03d10134ee1b11fa8131a9c250141737da3fd8b598fab65,True
51d1b105b79c3c922cd4bd46524727dcb47cf694bf570d1c53626e15005108b1,False
51e9ab106ca72189b724415ace85775bb907178d4621cb2ee123cad629f2e4a9,True
5230d8d456e539de85e89dee474a7d410ae29aa2f715a2409deb48c4e2a73196,True
5232c6db5c412780ace4c035be6bde85e2ff91f4d5699f849b028939dc39cf74,True
52a0aa3893bddb9647b389ea5f014b6db57c938de66b5ed929e74cb297a7aec7,True
531697738693f86a82f61cd051b0d6281e6fe6d789791525c35c3ada991a7f31,False
53518c15689d17bacb22589f8587b23f44f5e45514ea7a17c1634a9cdc853466,True
5392a4d9dcec99da44ff8338a131c56a874720c3093ffdd81af955bac12cbac4,True
5392bfbbc84541d99563511dfa736ec514642b68292089154e0126f0e9eddf37,True
539fe704bc598ec8c3a354af878751012c94cacc497e7644a76377d4436f1bd2,True
540db87dda0e0f89bdd7d58b0ca66d56dad8bd69a95f6c3818eedeb087d00d9b,True
54c7a21de074152b11a9aefb278508706176189c322c08fc2e56fec1a7f9169b,True
5524ca02c5f2cc4add6ef62eda26ce11c2d3ef5560f472a274d3c3a2f2c68e86,True
555e33902b05d4db7c270826c82784124024b67c2bb83c2bbe564590b2723e72,True
558df7f274fd168e6db46ae7f686b6a0a1e6b6220627db79051a1948ec1d84a9,False
55b379ec8cd752f104605bdbd88048c1c3b49c328b393ba496494a118ef5ae16,True
55cad0992becd01b1789cebf7f95e381d6ef742f282d2ad6ff8791cf8e40614b,True
56386224d3f2d9dea8cce5f9dafcdce3012a548d824f4e9af162bc2397bb5916,True
565319aee27c9774d3ea41b967e2913f2168c75448a296310037594c0bed1114,True
56760fe2413f4092fb7e3b1d3651674e1ec297930e8207ab7fd4d8d62684f121,True
56a337b72603f3c64d01687525a5159b7e6ca99e1218fceee30e4add7062995b,True
56b4be20e581a3fec3c1a1c48e0d3f54501e87baba88fd2eda735e9f9725ce81,True
57191284c75940f3a637266acc38d3a503ab97a52c9d99a0a85ff61d27420b6f,False
572f2c3bc9d097362e4029824f539eed980a9097d017cc4684bdacc820a858d0,False
577047181197a34939a106666deec71d3e91e386deda32d412ef1e8b3de2b000,True
58036d338d5e813b0143524d21a140f38d8b58f1a531b72f7ce4a82091380185,False
589b7bf4ecdbbcd5812f3948edc9d1c7a086975537c1b9538a8ee4f712d363cf,True
58e573b3f5001e4f262f0f56cc08391390a10e9fedd7e46b054c3a6197991b32,True
5939c954dce802b621cc345926168eeda349c39e75cd1cd2a4104096f854d908,True
5998e7c2db3d6aeb7b7680e45958c368dddedadf064aada00118b6452c72408d,True
59d9b80d021e8dc40f387d759ce6f77c56330a07352c0238f1768116cf80ebf7,True
5a263321ab44de273873c955bb3cb2b7e8b775b140a9cbd45b215b1b5135e3a8,True
5a268b88ea8b1cad2a07b43e855af3ad4f5e9fb0e1aef21ab4d2a66306c3dca4,True
5a71f8557912ead00716b5e47359b3b2b123453fcf0b1b27d0af0892541fb1fa,True
5a92fbe395867e25c5fe4ae2f61946a3c3a9f141a14e41584939f7715b82ed26,True
5ad5e035ba717e1db0bf6b1dde36d4da4a25d6156c3f51ca8c44ed075b57c043,True
5adbcb5406936cc182300072b9306adda1eb3cf1aac9e87ad211515d19450bd9,False
5c01a6552e36179e065fcc044162f061bc780efdaaac71e7b0fe94efce6b449f,True
5c06318e1614eed017bf727ddaf46ee6cb90a2115199b35e408bea8152298e1e,True
5c0f9b792a93d6445bc4828d26e1a22723276efc19e6e97b8c8548c890bd0f00,True
5c9ea289c31164343a0fa158ca1cf8b428f3dffc9dcbac10d1fcd1672371ec4c,False
5cdfbfa0ad50f1375aa8d4ec2cdb22f4765e5056e7d100a63d2007e423f55013,True
5d63464bad9316f6dea4ffbe71989d50626f8b209305a34a1db87e5e0c6d7dac,True
5d6c03383955c4784c08bcc14b863537f7fb451fd94a1fe7706b84576fb3819b,True
5d9023550ab2c666d9361bb72940be22b4304febbb93f21e4a93ea93748f33c8,False
5db6a8dfafd6956beaf4127500cd5232d78d70165a1775fa1da58277a43327ed,True
5ecd711693f12b243e84e97975eaf2f981016a7cf004841dceb7b9d720bc1f6d,True
5f2e2a92401ea7488c47caffc88acce66e4e66c6c631ff44a35859ff8a4b66ac,True
5f7471c215b433f1b28dd4b328b99362099b6df7cb9e5c1d86a756388e0c7aeb,False
5fc4a212a633dfb96b0e8150b822599ce2e49d63f016a8af9ca76870e38f7513,True
60221fe8c0c8b95270816c5f36f3e5c0f01cede1c822a7d7a115189dc78a0cb5,True
607dcd836bd33a6d2afe6ef3c632468ef126eb49923409e246ba7ec86311c5a7,True
60ba317c673641c96c24921d5908169b1eb27ae2aff2e0cb1d5aac43d8e3aa47,True
60cb144c7f4433013b373b1ca8704cee48c8f1e8417a4ca520e2386e4d3ea8cd,False
60d2cf2c913b15b31d23cb2f16bed946692a82420df61d037a356b9b35ad2f7d,False
60e1ed8c3c6bc9d9ef48d6e2129a75c8d39deb97844ab5b17944539e4400f24a,False
612f1a7e7ced6e8e9a9d9eff56da53c08c27c911068fc34d323fb4f05b895f91,False
614543952c73a92e9e6b0adb97e2d0836035c96f8413a1088a3f42ebc7f0a5fa,True
6176ead880248cbccdf7df359034699e937249e13608b788be1b25158b09c1ca,True
625ab7856c3c34a7be37ae4d7cc640a775dbea37bf5e81c0716de2d80aadfc04,True
62bb51a5a9b90f4e6969abc219a75378eb3cb58d224df2a41644d5691ff69565,True
63014fe882e7a1e57d495475ece4ed32ef8459929567cd3235d95fd5773f7255,True
63054e85bcad2319e692c774c253bb74c8b39531f6bc64664e7cd4cd7614b6b0,True
63283b3a8d9fbbbd8488c4795d31567b5db421b3cf59cd4c8d42a4420aaa57ca,True
632e016cf3bb5a8aae8567596827324c4b2312ffe44d50596e8f58ddcb4d76c2,True
636586494bbb8266d974ac3dd259d1290c94c96a98d00165c502aafbbca5447a,True
63b2add18bbd481c278a85e74c496918a12ea951301951134956e0b4449ebf39,True
63ff770c95394609a64e6a91f40b3a410d5fcce32d519b60195077f8ad948475,False
64224035a3bab9534ee1cae9cfcd198d56b6415c719baf0b64f7183e80ca09db,False
642fb7de5f7e3d2b625c2b1fe905e9bb26445460d0ed3904eb0ca6d708edc7aa,True
64385f2a90a4309f8d627590638596f07969d75d1895c770e9f800eecbe79387,True
645b8dfe73255d9e5be6e778292f3dde84ff8c5918a044ae42bcace0fe9ca279,True
645b98270881eaf3a2bd41ac4caf83443feef9090366e61168fe0d2a75963093,True
64cfb742accf0ccd0d20225f5c16688dda0aa93aa005157f02f0249bf3fe298e,True
65370cfa1e08f458d53cb661cf02054d9324f155a7bbf6505b4da5c2f9492385,False
6574de4e08f81b1f4f90ce824579d720328d2ebe5669b10449bd3b95f894b05c,False
65778e3afc448f89680e8de9791500d21a22e2279759d8d93e2ece2bc8dae04d,True
6631aace38dd7550a1a18350a43606bc2eb26380cc99fd6acafdf75f226498bb,True
6684f491928b560f256ac470dfd05414b2ea43b08fd294fee9e524ba7fc2127e,False
66de662e05a815c7c564e4b3f3da394ebbda6d87ee1fbd32b282dbc737b1240c,True
670bc9a86f72af2ab43a89c576a4e1874ce188b35a1f5656ea27f4b7ac3d5f09,True
67c7c5ec03b9334d1a132f2b0fd7ddc99515ccdb2372aa3b16463ea34d09f060,True
67dd8ef85c81c73d651f6529700d0020dac74d12768985bf9fae45b71578d6f8,True
6823da737689a3717969e3f98c8482e6163fd13debb5a2da6fdc7e013750f2ed,True
68265fa0aae914e020f044a5273cb75d9bd553cb720f8481b5537efb876f5c3a,True
683532549c9b7349442f5dc3466cacc398bb663564eb63f77a2964dd216dce16,True
683a09da219918258c58a7f61f7dc4161a3a7a377cf82a31b840baabfb9a4a96,True
68498ff9770059481e174c149a2c193479b556dd7ec91c1d34dd76c573ac709c,True
687d0b0186e4533c96949185042937a69acafb01720207a61a402b045d29a38a,False
689da1b41af4cdc8b90eb21f861115688ffc44555d7a5c7de13b38e36f041c4a,True
68c1ff7ba14f559178cc4edc63eecff3ccc4fcffbb66761a0eed63c5d0e94b68,False
68cec7555a4897733c213fb42c466c4e2782a61d0ec5914385ab6b485ca0aaaf,False
690bf56c513b3b1e8ef7eb1cabd0e7ae3caf33e6d4442264ec5b17c74b9c5d92,True
6993166411c91917f43e2a6fc68fdbcf52d10e62efe1e98ee63c2af87ace1fd8,True
69ab392dfe42b299677871707364b4b59da9a4e466eda0065db4dc6da89f9321,True
6a0e8225d29c6fddb83229f2a1c586f9dcf6bf3ee1edb58f915a9f5a5973f0e7,True
6a31ee59238837344ac4e98481b919f98ef9ce0e76a682d87178ca5f38847f2f,True
6a782c68b798d60b57784b764fe4e29c1c2b373d1c3fb7acb9efaab9144af081,True
6a91a4a5a664c0f29503d946eac14710ea3bb1008cc6796bc42ea27bde6ed08d,True
6aa6a0e76e939a500e9bc22484a40d747e769b441843b37abed7155f1060cec1,True
6aaf928cd1e39ead726656fe570e4a269ca507acddcc2b5f7a90e15863321b0a,True
6b0b70b1849ca2913ca4c5cdc390691d23194123807a39e99240af81485b5bae,False
6b79d25b436f4059d791f8fcb22d912a899ac27792527f03dfe3bcd17a5b2b7f,True
6b84e6e55d8572d7edf0b6243d00abb651fcb0cddddac8461de5f9bb80035a2e,True
6bca58addb046d0aa13c6ba57457f8fb50204047d642e38f6c09fa17616d5ee2,True
6bd31462a62892b138909ab742444160c1c11511a2276a7a6ba53759f904b964,True
6c64cb817eb68c8fd0f051b00fcb20a0a28e26062d06eebe2502d8e8077c6116,True
6c9138c779f43b2369ef368217fc39640ed6478e1fdbbd05f80d9e5b54a3bc34,True
6cccba8375557524965dbaf81fbcca57272b01b8a4bf17620b3f8ed7171d2ace,True
6d2c41908f0cea05a9e5fac530eb9dfb103056c86ef8740859d9036ec71ac03f,True
6d3ab9e729bb03ae8ae3fcd824474c5052a165de6cb4c27334969a542c7b261d,True
6d5a2559bb7746c65925047e2dc5894ac61bbfca0a8f3b100cff7ee49b191c16,False
6d5a653aa1e7c4ff8499cf2b8940188719c87008b9b536d6f6b8523945cdc9c3,True
6db69d1dbd4dbe1108a05955d03052864c7acf3165d0ddbfad7e4156c37a0bd8,False
6dfb7a6ea6312982a7aa2bd1247f6d27cd481c455abd98fe9548a47cb3d9102b,True
6e043d6bd32704e20638318101b6e7f403a78c12ed75a5dafe670913d87815c0,True
6e06846b13c0f90b5c2a600b9a95106cb7af27b8fe78dba06916263c780eddb4,True
6e0db6c01d51ba9b33ca59e169183cd3ae971707ca7cdfe56708af3bf85242d4,True
6e791b3e5d21b6c79939b0ff55795983bb01e991c8de639dc1c208930eb84e2a,True
6e8db51c1837d6b170ec89cded61e43a3424f345ee1a4777ed6627fd41cef652,True
6f4862590486f5484716a3b3006b57f91e87c45f1e65fe0d41f6e80086fcad31,True
6f6d7329e0948b935011c95d6f3899c917279086347ad85ddf4494ada1970ec6,True
6fa4a794d4d0968b2aa5aa59739952e3d45f44d8a9cc73c75c138fcb789914fa,True
6fb8ac0046086bc85ff8557162847cd203bf854801f3dc97f4715a5f5b4d1300,True
70322428c96781fd5fcf19bf175011d36969f3aea709aaafc59f2300b273e7c5,False
706d1d79242e5150e6b2a7cc2b336cfbf19e959bbd1d88de73186311ffe96fb2,True
7094cbca68bd05ba8068e7247cd8654e9603265a110adeaa30a604bf44efa078,True
70e7ec084e6084bd852862d80bcccce6cf855a72db24518bd2f768f0e80f9c43,True
719ddc41a6854c119889e51948cc5a3ce275e136a5f4cccfd3f1af5096ad4838,True
71acc9e68e019bd99d89f1bc2efa859bdb16b13cb69abb02dba8b993265aed6e,True
71b1f56e4cb3057bd942df693c5e4fc85430867949e1b903341a64782cb7fb96,False
71b24f92a597f6eaab7a64fd53008a8b29eab8c48e32d45caebcc56baf15fcdc,True
71becff3e0037cf61458f416ee026d4c6db0a25ffb2d42b6a0eecad381825cb8,True
7216e06d697e0d0ed70ec75377e6f4a84171bbac845056cc5793ff55bdbfb468,True
723d1cf3d74fb3ce95a77ed9dff257a78c8af8e67a82963230dd073781074224,True
728417f7e5c03131b6ec700ff72a2a631975f93478cae5c80c3308afa801858d,True
72cf82cbf24e740b354e9d3b86072b0ad4a741a8489870b42f559d93a364ce82,True
73548862188e8c725343fd2453085ea5e8ad1b78649ac1d6d0e7df9bf308f8ce,True
7382318f5904040997bf14967bce3df6b323bf03901976df75a9b0e822dc5db8,True
73ce02f6b7c4c5109af4ad501aa9206bbfa5cf32bb8276ad06887c95279c907d,True
7401712b8abb2ea748bebf808879e8219c1ec21d3bb75a88725945b8098c727e,False
74398e2525fb40b7bcbb7be1db8c765d33257cacbabbf44d38d5d7c387ea0958,False
746850633e9ffffd98dea2178e570537bdd30908bc9a07c58070e9186dc82074,True
74c7307aa85a7a73d924dfcc7101941975b746d8d21b10e8807bf10ed19d3c02,True
74cbce6f01d11bdf0c285032bdd76dc363c3365bbf6c34bffaeeb88e60e4ba8b,True
74f911750cf56a4ad9166a738644dd6053dc167c75131414d155713efee7e608,True
751bac1e9305d5ee6fa68f8e1c9cc23775062207c92fd5bf595a09ceea1aa2a0,True
752bb1473394caf8c3dd0b309317b4785dd17d9cfed335f8c5d498dbdc751d69,True
7668d64997d999a406e46cf050a2d3d373efbf269686bcbd1e6348241c471894,True
7680d977b63a749f186c0b526d37b258b7fb76c41e7e535a27e9c435f72b1804,True
774ae4107d461361d672eb14e89dd4aec312cc1b880e7b24c0cbad40c774c0ce,True
77958de701e308745b585c20c67a1e1befd164238e6eb9ddb1a8012e5a69ef90,False
77c2a4affa4c579b12a8281b7fc1898146561a9d97c6291a0630b89046ee7412,True
781f1889127e41857210f858c8b4de1d17a25c40e35a9ee250ed17149e24b28f,False
787b22d0c455a4fe15b6fe945db88bfca43c0b44a4fe4412c19094a06b324422,True
78bab28a914cb40611873e968a0e7897f565cdfaabb4f3e4fa9d3eb4e153c55c,True
7917f42c75eea6954f7f7296532959cdfd1828e5e952f6ab53b68795de5c8cc4,True
797d23f319c53649760e9d3153b48442dc0b5b9abc959c3e4b1b4f53be6d1d8e,True
79c6fdedbe965a9ebf8d80f13e27332b18cdb0b313c5bb9a7c2b6723b53d3335,True
79f08c4fd32a89c0d00a0f74669421fa36a7e1dab0fe8ccdb614fafa34cb246b,True
7a614d63596d6f9e5ff9860297e74f6b6d25ca8ae901ab892320508777fcda8e,True
7a650b7af16721e46686633a253c967184414183a7d2be0cb64978e4d8880ba6,True
7a6f40daaf68b8a573b92508dee4d90e8236b9cccd80af1e1d9e7702f4b29c07,True
7aad2cd707bcdd65269e0a7cde74dbaed32abbce14228c3c4c04baa7bd966f00,True
7aae9c3c1ffb5983de4c595a757f5f3d970ee895a17948aa17394cabd2910d78,True
7b1c20701d541771b5819005700826712f27970a335dda7cf150e2564802d515,True
7b4daf50ce63113ae3c210306e044965265e4774b639539968978ccdcaa992c5,True
7b9723c3ca58ecdde9af2dd2215e00fa7c7692e960242d9c6b2e80ab45fc90d5,False
7ba6ab30eb71e8ab3ccdc734633391c092b25160f62173d4b6237da6c55b5a24,True
7baa2515a24318d7578a6f6566d8fd83594e89960b9d25c73e7c9f8581795d7f,False
7bce4ecdba0dec6ad52286615c8dc344bf7800e390f811dcb21ec4c42c1c9768,True
7bf5623f0a10dfa148a35bebd899b7758612f1693d2a9910f716cf15a921a76a,True
7c1095d23541c4e85c0eed22db92d62c3227f5c483a6931fa0701fe651f4d422,True
7c11ba68d9d7b0136e240ce53a14fdec989e270c95274516e0b7e2f60e66d484,True
7c4d8756750ac99128b6467b57d9bf5f09fa790f239ae298ecb5e4764f90075a,True
7c65de85148b948a8376a92b592cde38f7b736a02ab2f5eec5c5b54fe787cbfc,False
7cbf1500a90a12f2af851d50fc1ef6de2a45c6b6cdd2331f73aa8689cdfa7b79,True
7cc49809dc4bb7e531f1f5c489f8f8c3ac7d79ce9621aa8fcf09d319e16a71ca,True
7cdadb18edcd84c6223b48a00dc074dfec26f8416b754acc87f1231ede8bc42c,True
7d28ef183eaa1e57c41647731f000ee386281271f145ba17287978671d469fa7,True
7e377f9e9a8c3ef5745ac7a94dd0cefef7bbe6339441b80b141746fc332c691e,False
7e6c24f0eb718e9a9684b91c8a95e07fd272b38aa3840eafb5b1223c2cc23aca,False
7e781f414da0e2f65ca8c1a8a103a9b88d2d8e4d6c53998642f271e40b29ff68,True
7e7a55a8c34aa6adce1e64e519b1f0bfd7f82237fd0a3097f015fb184865ccfb,True
7ff09715ea3fa12705da00d500b72329217b7d82cae0c59aefa0ebbf3724a36d,True
807b49537ce43f3ff6ef81047abe2a5dc097c66db89706ab1ce95ca44fcc3bce,True
8080f28eb2c4e6406a8df0f3ed8c1f42f8bb038a35398e13d29c618ade13d06e,True
81f2eb51eb0ee98b170a84fdbf6a960dc705839b4caa6b1202cfe435242bba1c,True
820fbbad231042249cdd30f8f32c79baaf2373daec9676a9704ac531d89ff0f7,True
8271105109e78e0fcf19fada4140231e93f6290efe7654d1c0fe92acb91a11ca,False
8286fb4e8fbae705a11b8c3d4ef74cac8f2977536721fe9ffd0ae0fe8acef632,True
82c9edf409936323db8973643e26818f71f9fc62e995f613be86a4b9c41cbd02,False
82f14f2328af922009bb022e324ef028b09b2570981c3d98b2a29957829a0b0a,True
8308179514d386fba1356aa4459f46f925d4a5b9a6f36733154d183c0780ac93,True
837657c72effe9da508cb38d2110e6f664f239f88558948f10d265d9ff3a3f33,True
83d9788dddfef0809379d87976f80887d0e4718ca6b1529d88058efcae5f3a02,True
83fe0a833e1523ae6c199671959c1e42cf923f22d0c23803d3062b8bebe0603a,False
840c70d31f3e33fd33fdd9e5fc9002e8ebd28a97b3d8f38ee322403a6bbb5053,True
841ce7f81f9a7e7fb55e185c2cd20b3f535011e4bcd510efc3128027b19c77fd,True
841fc466a01841b07d66a4e99f2695592f9fc02c7bd24e5f3d74259a345d5110,True
845aea480b4e69994eec7fc5b5db0b1377746ac925bd093d327325c8d84bb576,True
84d8810135474d2a463e02b107182cde5d10620e72b854a510a18dc5e7265b7a,False
852e0d9a8f474077261d053d587868b211e70eff320a7e7067c3fc1cb3253ea5,False
856d9678db405a6c131e80b60351819e8ec3ed19b043d170d19ca078f7723ab4,True
8614fecd71f9f61a8742b4ab97f28d154f2428b4e91a5a5b42a1e05f93cfa477,True
8617b9831e3ac243a932ac26cb32dcf1b3554300389c2d6d88b920b5d97be0dd,False
864d66b4e83d7a86cdb77eaac5f9cf3d288f095ff9b10709322c264c83e107ab,False
8699f030698874a541a877ae7068bde48d11e74fd9a6c817d45885e1815e0dcd,True
869f790d57a50f69dea8c50c016d6c2301ac8618e1abd684af127f14a6a35661,False
86e2c600b2e3e5be7af6c23365e9b44ee43cdbe2d6e2c2689f39ae752d522091,False
86ffb0b73e8324aa77655fcf6af6e8f4bda5e041375016ee22bdc75feae1515b,True
8748cad1dcf6b11e30c451b61d5eae35ac94d402b6eb606cc9353f81863ab3ca,True
874e904d8c8dedac1d727ef4e5af004bd916333d19d9bef286444e681e3dcc65,True
87bf3cbb6855ea7ecf72f8cb029442726633cf81bda8545e82b588f779951037,True
87d7051c8e84d0820bae86d6969b551fd1a921084e23bff33494c1e55625e43a,True
88001561b8572bc81462f293cb546b3b1ecd0d6a83097a2d26471cc282f25864,True
88487d2d7c0c7b2a696362cb8330066d55baed7d8510e666e493d9f58ca9f411,True
88739c7706fab480d0a3aaa62fe1518b7d6c40df7dd24ea00bed06cf263e5bd7,False
88fadeb423bb62b7b435752119aac90877bb3486f3fa493e6b4cb1cb4c989bce,False
892e30ac4fa125d635ceb44686a09cae9d2273b24bc879954241809b725c763d,False
8966ee958fa7e3fc38edf78d0f0102354a937fa9eac03d27aa538af59dd7b418,True
898301ab974be864ddb7d5f2481280837810cda351aa8e877248dd85a74f853c,True
8998b9602a8b39d2cd0bfed4c57584244de6c015570ab37e64989cb67e5ecf1e,True
89e5681774347bfa7e087385062bbd741446308c239beff8f1e2ad1613372aea,True
8a0076bd43afae62fc5a51528629402c8184ab4dbb8dcbe3114e5a138bcd8d35,True
8a259965e48e8eee6dcdc87f76daa150f25999e66f7d498357bf796709c61c67,True
8a59f121f9c0dc7ed6663d2abc16a4e12723f70a82ffe98ed8976f7c99943e77,True
8aead2c3d3796d348dc61029023a5679f2ef747c8ce155a767d5e47280e5ec26,True
8b04fda4bee1806587657da6c6147d3e949aa7d11be1eefb8cd6ef0dba76d387,True
8b69faa6b135b49e2a138b9e536e5a5146a4ab21c61dca8df7ff97062164732d,True
8b6ae8309efba64783aa15aeb7b5aad7ab4071211139e6e119082840ca06e023,True
8b9f62091a55888570c94edca554a69a8b28909113b022021372e936e2c567d9,True
8ba95cf7643edb6a572e660d541d96c8e1c138c76dd6e476c5943fe2d50ef59a,True
8bba0faf5bbacb0b74befd2a265f4672d76b44bdc4862c0bd86d14024635eeaf,False
8c27626a0f7d1c1a3e80ab1a0897307773ee4e2acfb679b5ff5d6d9800ad2a1c,True
8c4d77c190566495c4d1419fc38ecdae23e1b261a9be0e4c5675f06f5246d930,True
8c80ec1c91dcd77ea0be5d0e53e289a6bc0ed764a12f9262ba979f579bb25591,True
8cf5cff3205cf674ee41d3f7b7fe10ff2aaaf578cbf0da49c9f8be27054f84e7,True
8d5c1c2c36fa33336d0173c396671ac747170a070f9d1c7821daa74543972e89,False
8d9e334f557a03738bb4d95d2f1439d7275a20ab6f04729daf800ebfc02b2d18,True
8da7f3f5c82fa1468900d1f92ba263d74d62d0ec4c2128d4aaa260a0baca27a3,True
8dda16cc9e443ad657a1ef263afabe5f3add175672f1c3426b408eac89b13478,False
8df62a1cf269063152fea1a1c73eb7322ca98e2d7d7cd4b4aa646ab639d8ee9e,True
8e861cbf43bd4068930cb5ef3821cab163fad49d42b77c66b70fff8fa038db48,True
8e933b2d90245af4ffffdbc914dcdab6e9167e48ed41715e614546d2b37279f1,True
8e9b2969c35264d35e62a3cd6fd03793474c202a385cb6f7ef41650b45058c5e,True
8eb56a2f631dd8b6e3cf827e2022dd3714b805eb377d4e186a41384ec624376c,True
8ef00db9712f487dc2bd4329378cb38ba2d1706284658e5e77602cb180ca82d7,False
8f656f5dc635a4269bda0853043fd939aa2ddefa40d9d56c55f9d7e5319a85f2,True
90296bb0377ce9b5a0a2261b6ae3845f706a5c9b7cfe9d84a09a609f584e8d80,True
9034fd219b35798fc9dab05a9c3713f008ef59316fe77fc565291d79bdbcef7e,True
90694193de42805e79e29e2dd0de34482f3e2c808bc7798def94ffdffafa71cc,True
90ac25a5557bd47eb4254eb64294f9794a99546ad41f04f7668f29ebfdbccb3b,True
90c0d92b87b1c826256e581b53e55a370af4ce5fbf4533162303cfad5f4c8d37,False
90c43c06497262ab440c59fb684b398b5cc1cfca79b8383c402043df3b615553,True
90e12268c6886da75cf395936df7635c52dfcd3bcf074396dd9c97fa55c9eb5b,True
916cee3a37e0d1d3c0eb8230a591a3ef8721b7ea8186014d334bc7c8eb40c515,True
917c513d52d8faf6ca2c31557843db054a818a1b47d370b515f9ccb7348975a9,True
918f09129def9a8720ce512b77e77161e01d76849f0c9b21ee127be1e6202ec4,True
91a409c414131638c3549c624d2798dab3b3067f13ad4dd949c84e35d986b072,True
91c19873a6cb357be6a268bcba88946c84ddaaf58764a4b82ee08f9e1ac1e28c,True
91c807a3b304b61e268d884f3310e7b4c0cd74400c95c48ff7bc6ab6150282ee,True
9208e906eeb23ee392919954cc64260ccb3e57160fb720a13524821c4e09f5e2,True
9259cfad718da3fc0fa0a80013b5817ca4263ecdd3f1763f38baaa29b18b594e,True
927b02522c72bbef46e7d82880309acfa7c9388b94540f6d19eb484543479e5e,True
928fa394add18079f31c050e00429abf5c13d01f5026670d47744a26a797de79,False
92ad1b7965d65bfef751cf6e4e8ad4837699165626e25131409d4134f031a497,True
92b0cc6184468867764c824f3086da312866b47b42642fd32166bfb7c87bdf7e,True
92bcc91ea249feab6523aea0d94f5e476feedc8d5a726bbbc76f6860855e0a4b,True
930a8c661671a5712336f5e8bb745bebff56226523fcfe28fb82c3f5f7784da6,True
9329a473fbc644201fef14d26d708eca73a6d524c629c6b2881527525bfff3a6,True
93896b303630422dc604fa9ce9dcf1ccd93f823cd90d46c2b55029ea004f1a41,True
93ae55c9cea599d29ab11388f7d38731031e9f33df9868a1ea528a5de3f2cf09,True
9436f223ea2d64468aca352ab4b8bb7ec1090c92d0e15456ddb8c6ca0711b377,False
94bdaa609bbc3539c5857b904d8483813f41d710dd67653d23c301c96a497caf,True
95878513896e6bd53a77a199d6e382260ba241f52565472d923f30495ca7184f,True
95a0a3662521617e193e1a64160490860af2b3ef0c9dc6d9caeae82e8b75df67,True
95d5594cac9cfa5826e1c0b12fec980ff8a01136364aed2831164b46cbb13ca1,False
96a14d1422dc0f5889cdb4d2e110b5dac6c638167509ddf728b9c84f3af40aae,True
96bb40eaf29d3619c016a62e397e02761e898f342ab4dfdb52232ceddc13846a,True
96d304245367164367e9baf4d263bd5960d2b465fd524d6c2cbfd82c51d6d0ae,True
96ed9ee02439a8dbf2d342b1c62cf6e457526a20bd46796b32f77c62ddc140e1,True
977427fac0a6ab4edca95b6d68314e0b89dc38c441e7e6af0ecea1bcde8bba79,False
97ad8dbd6e1db83248c8ca803510f18477375e1b5ef37d7cf2811ff565346c09,True
97d2a24b20b54c9c6922df9264bc6775e95a04482bfac6a7bfe82372129c596f,False
97fca8c72a1dec07e15780f3e7299d6652c86b8be4c603493116657da0b84fc9,True
989e06b1895a3580491046a25415d7b1249e9613ef42c1df93c7e14b1a74b479,True
98a6a9d928a7950b00e180fb0a9aa8aaabd5a614125206d1cc2ccf4d2c0dc03e,True
99b02a32a9d92c521de94a53dcd93078a357d0e2f26fdeb57735a53fee9b60fa,True
9a2e4ddf1a625c470c05a8ac7d1aa8b8a89f15c0100a673ec8cce3d8b42b7216,True
9a9248e42cf307fd599003abc90819a2d10459c4e5521aeee896daef3b041bd9,True
9a9b645135f59dfa2ee39bbabb4ecedd4cf0339e21fab6a75969f0f5135b5b9a,True
9a9c787236bf745a2c6a8566ce6e8ec685d835663865a97caf1a1e9a034f5486,True
9aad01b3903645a13000c12c9a1dde28ae8afb1b5750dc8893437c134dfe1fb5,True
9abc65034837f46dcbf37fca0312ecbc167e08ce4c5f1ce163f5232186e61e6a,True
9b37813b96a63e55cc53ec8e7ad7981cb5e0b966630e054177dbfb1d8654fdf0,True
9b52553c9948dcd4e063c4ca27f312c491e77a398b79d59ca52200d0fdd30626,True
9b558df6585ee7a7ceb9570573175fe23f71401f3474077ff08d6704ac10cfbc,False
9bd63ebc98e80be154e87035bbe6675b6ea1a720d3465173802b26d521efa15e,True
9c846d5c83a0859060aef40f0ea1e4a6577fa000783cf0237cd0bd83207d3f9e,True
9cb5f384185b184718215c6fbe7525de88e6d4e47d0a28e3bd68ab56ea38b653,True
9cc096fafe1169aa105eb830f1743621faab1dc47e16d142b94d9d739a9f05be,True
9cc77f14a45bf56d9a670b057ee5d05c88fda7874373c372b5335b035976792d,True
9d0d22ee24f78d29a1a27ae1c42221204665a9750e28c8bb665856393f657f38,True
9d4bf2fa222c2fa818ed73796f639d7138d2065616ee126c38b8145723164a94,True
9d5bf672e7bbf92805e5c3ef96099e96634b8fdfba90a29cd73cb2c8c3e1d4bd,True
9da1a1cb09b2547decbe6b0e9d408ab6406ef15c5f4a83ad1b5af1a6c406cf95,True
9dfada80821fe75e20c9b41ea95780e70462e88f2a1590c74b9e0cd0ecd52caf,True
9e1467ab8e370a976c0274bc5a901b0beab5864683a14c018d15d07cc7dd7720,True
9e462cd16656cd7f2ef0a93f7b5c7a23a27603d7923595718ab25382cc2fbaf3,True
9e57ccd47600e2e5483b7464549bad124f2f529f09ad29a570f4e583a3355968,True
9e60f719f6c1ae293ad593dc093e5872bc1a7df340a54527e7a1c9186ad66712,True
9e7036fd7a127e55e19ba8e7c277880f1ea2aecd5810620d5d2c37fcf547269c,True
9ee8de3b74aebf0ab3fd91b66dcfe7d194c75722c449d3384ca8250c648e1c57,True
9eee55870f96064bcff1483074720ac2f5b19da69ee94f72f04a6e8b8b1e8290,True
9f090c60579dab06ddcae55533aad49e67b857d77a7f39074105267870f0dca5,True
9f365e738323e65fabe3bd0344a2d401a2b661a8130d65ce9beef22792f1cd61,False
9f541515773e1630bdbcf4490cfd6b4e7998f3ef2e8d013dfd0eefdc08315642,False
9f647bd67971c1ec3b4e1c2a420cf2238ca274f956ac277119c333f923a9ee7e,True
9face4e25101e9fba7d23623cd5d7aa5f7f1e4ef95717b1005707e3ac11ffcc7,True
a010fc0117e94f049dff4bc2c9bb8a9ffe83b1c76544eac187006ae3caa5fac0,False
a07dc133adc03ba863a7114f40b0aeff50f90119e1db8363eae527102824396b,False
a0a852b41f958b732bbbc16c41fc5958f8ae673fe963087e96340ed908b73214,False
a0ba4c6172beeb0405bfb26b40bf59745a7f1bcc3cde177002362638db2e5d89,True
a0ea61a961e39a49c0eca608a4e0ae77ffb8dea27ddf012d0e095db6e5eb4ff5,False
a114fe7e35ff2a50efbb96aec80799c31b0736d9f00df41c94a6bde787318e71,False
a13e3e70d56ca3903225cc985172fdb10b426c66e4fd38d0313d69498b2a5884,False
a13f6ec50dba141af7c88bb503bcd0bf067b0203716d1dcd7588721285b1ffff,True
a14175927d8c630b1d7a747aae2b6ad1918d84f7c03f67ab513cbbeb352d8de9,False
a1cc7f7c8cfa50e1ab86e8d5f6763540fe41fba9d3886919a08b60e3a06efdf0,False
a2df3dd9576de002a3731478b143e267c97155ef6ea939f1947dacbd48564cf9,True
a30dfc493d539faaf9f1da3306dc2ad867188a70dd6c93299beb089a8b5527ab,True
a328a4e8510854022165818038f1b0578aa34f483cd7f65c548f4e2b6d99ccb1,True
a34d64d2dc1a0f3bb6ffa8f44882eea76f3ae20f493f546008679dd1ba8736fb,False
a3a9ff3c83d0f8d62372e771ce86fce67eda5fa527784894442e92d515e5c69a,True
a42e197824c26a18a48488653d2a9ae0ba09f15daf44187c1e7cc47907cf477f,True
a4a0e26bb4aa352f66952902cc9704d130593adacb46017c0b2a1be2b7a9269d,False
a4d917b6696ddef08d0f4ea5a2dcaa8de85e639684a5f869e353c2c80315e2d7,True
a5490f7978dc607068fbe21efd1095cf679defebf7044b93db0456c31ce279f7,True
a54a3ca8ce01f7e9855d4d47d35bc82520ebd8d16a77df24e398b220d86d445d,True
a5748dcf451f0661bdb05c9075327bd7ea6cb654b05140f4f2dd0b169ac26bc8,True
a6e56a741e9aa67f861b574964a4999eb77ca586abf079c1891ca09c7900c713,True
a702f08fea420c2cd59729219237cdc186d3c9a0298f637c1f1a5a015c3ca268,True
a72adbf4aefb73bde32b6e71408d1519dd0554612fcc7ea2a5b4c07dad645c60,True
a75cc6c61c37543596e278999caa8d38a27025d599f050bcb7846f15e291c0ba,True
a77732ddffe3379c1637253174c4ee2f4b6b3f619efcee3bc2e9da2f39608bd2,True
a7a67f0d8860da70cc96c8b72df93811f872175a4aa94230fa583ce2368f79b1,True
a809f49eb1cc20f28686c37f066cd33ac5b13056a302983e8b0224e48b0befc8,True
a83423d3a684c1defbb7b445d0594e8074f803fbb4b170a3450e3879aa619886,True
a84f1a442dfb370a65f911c522a613943ffdbc9a0da1b197c64bff2278806f11,True
a89559a89374f23ddfc5556dedaf72e1b841eb652b96bd060be855b192e0b893,False
a8d25eebb258abb8283ec3124a7a95fc1c684665ce8869932591d4abfcf0a5a0,False
a9140d39d5c4aa1ffe539c431fc95da154a2debbd180e5bdd33978b8a56a4701,True
a97cfa2eb3f1f7ae4b7221a2c605438690ad7e469a3673cbf74998424ae740b5,True
a9adeec302ab071989a321a13b0c9b1f12e4c0fd69f3dab0a99e46d165a40cd3,True
a9c3593523b32193ad56090708f0b6fd5e2babdd7d04abe055ef86ccab7b4247,True
a9d1c36b151cbd42b112cfb10ec35fa05174f40a89876d2e66f1e9abf011af61,True
a9d1ed959532734984b565728a387176f19964e668e8e0183cd2b093e6eaed73,True
a9ee6fc7da3d25c684750925c454726aeedf3a8335d0976b423f3e514d8874d5,True
aa23406d036894ae210e0531e6014c1377bdb409619cde6143e69d0a8dc7b85b,True
aa3e655ea61df5356c286183a3d6a22fe192553df4b2995ba068f9c52fb27163,True
aa78765931cd9ed76d8d21176870f37a8af88d707462c3be4325964e0042591e,False
aaf61ffd433aa50c224ee70649d8543dd6377f036a0a4178bbdfe3536a4575a5,True
ab0413fb159602aeaee3b761c822bb179c9c949f780b2c5f7bb5cdb978ed0bd4,True
ab0db6922f50c6cfa755e49390dc4f582d8e30a125daa8fabe60bd81e4b517bd,True
ab122c5daa471c2dee1cc58e3a63b3a05be7e66b52faa1542a528dd81c62fed3,True
ab55ab33808d211473c343f235e8e8846feb5537461d4d32ce1ec065d8bfda28,True
ab59b3bf8aaf611a9b2255c2473538d69b5d84c83d49fff63704b11be324a55a,True
abdb2681d31f1a42e43813672f22a00a022614c9a4eb00df29f67df169432fbc,True
ac7983522d429ba0141b567f6e7606e4c8f11065f976f306c4222a2110d8a2da,False
ac9918ae65578191ff4a9c484bc9f69c92f833273844dac653476cf4daa76e31,True
aceea30675a0a44b4efad41f7321aa4c5ca66baa1ddb805f4cc12df821bd1775,True
ad641230d3be8895193642d333ed88e1d6e94c209dfcb6c1932cd6a7f324a82f,True
ad6dd2baa672f859b2da3916317449966604627dbf0991f2872db0f7c8b9ae07,True
ad7c4b87ed91d36bcc3e4ffee33cc77cfca9a29bb9cf41637bc0c7be5525e0a7,True
ae1d10a430aed6814f985efb49cca0a27402e8c32653a7864a48b706c4f9a03b,True
ae40c90310290f4703918907fbb5c6ed84dd9f88e8231940d3bc695456741fdd,False
ae5bd505c20878ddbb8a2b9c2c0dc687d2168bfc83e563442f2a89ea14601f57,True
ae617e932d45d1288f1ef5ecd2b72b2da822d8167142d041b08f61defb59daf3,True
ae70f5ce813c1f6ccb01aaeb8c515f2f0acf158f3cb9b2468180962726d8a8d6,True
aeb067d24c4d47d1b44a570a101660d96398f52593085544581dfecdec4da526,True
aebd9abedf05d17f9fd3c7e3f5d35401ab52148f00b81e067f4688f84ed659f7,True
af2c70c1898d6c26e7c6b1de3b522fac248e11eb9889230c52fa385c8a2fd3db,True
af4302878827cd62e91d7f42d963b213f4dbb220b28148f86f63a799666b1931,True
af7efb93740b9b9ee4cd6580a3eefa8298558c9f06b463eb44b03394cde441d5,True
b012e928287eba5de20415c534ca1250349ded0f5ac77f8ccb1f28aa62af4766,False
b02497312858471a02d02f26e651e129f0fabe01ad45eac35fbdcfe73f2fa8ca,True
b0e1d8b8115f50b5e89ad950bb7f9d6df0c540c3eb8706656de8c3eb8992a690,True
b0fd06eb989e91464f06adbe44109286942dd3fff9b8a20b627a4e2294e25e42,True
b1071a0900861c7de2cead5d25ab66fb283c0f769098cde24cb8752049b7b8b2,True
b10acd083d1cf3feeddb56662116b26f583d5505f8c7f6a746c091a54895237f,True
b11454a0c9137a7b39890ca3a5221fb602929a07f080f53a6c14e91989d853db,True
b185566c7a557c05928d4342fbe95c63ea5eb10822818aab33826db3dda56f11,True
b1d6939bbb4a9f66306d13bd4b0cd7a59fbe69c451c3bd2df836a65c1114f70a,True
b1e22bb04119957625c41287259b5bf83dec382627855e666bbfb0964d0311ab,True
b20c6f8b483814a96dcf489365aab049a9b6cf9f165b02c087dad363594fad65,False
b245c7bbf3314d1c962b5687cf3d60ccc9a6665d8fa7bd3a7dda688021583280,True
b250bcf018c8994b58fbc6c5b682d4dc140da6194b45841d9752f2a1c9a64b95,True
b25ea3ac4a9e22e055d4793cebf72da539e211921ba4e437cd54e2e3f4bb3fe2,True
b28d0fe10b239ce201001185b899dc71f6d2c211283b11b66252e529b4d2dc7d,True
b2a73dcebb6db2aebf237518470be61cd9398cfa5dab9a1f79035a939fa3547e,True
b2c3517bb90933390df4eb01c6ba36f2a519a69b5bcee703f4889b8336cb7027,True
b39743a26847ab29e98de03bb994d958b6a54527a25a0c63adba0448602b6433,True
b3a1509f77da1f09f79e2d0d6b6c6938db01f8ec67fa6adcf992eeb5b6b8698a,False
b41e4528449d3fa1730eca98df0dc9fd9e3683ccfaedf1d72ee2af2899f18db8,True
b49f61234795f9d0c4fb2800a4c45346dadec2854f96c884d2432f91c3fa13a6,False
b5066ede23cd0c76e274dcb1ff756d015f5b2299a0ebb382a758b7f3dd4cb0c0,True
b521b430068af0ce4fdd0adf965d3d888be86695b4c0c8d6f74e90a11c61b5e8,True
b548dacb333c56ac74672db036d0b4ee0f45bd0635651fc48f1156a2a7072e7c,True
b5529b428ff680691a65bcfaf027b1c7d454dc51185b0544766abc98817864b9,True
b58782c2b0a2233ef3bbf0b2797302ceb02214fb3cccb297bd858d11d0a2b988,True
b5ab9b79a5f5b9b2d94942173223bb4aec4e9fc321b8a245ce8f5b654e65ff35,True
b5ca34b966549dfee1a824ab645c66b17217aadda4ccea96731b8cb0cfb03a27,True
b603f65518dfc94696db67c5081772275a4fa674a2c6447342ed028eabbb6a65,True
b60fb210e933c378ea02c72fe727d351503d43a8da16f2a1bfa40659fecb807d,True
b633d9a688f0f2f77a082ee004b39d262a557836a166486d909564efcc480bc5,False
b6be960c2f824c08ee928fdbd95d98670359b9f65a0c9a2345f8af6a9aad2017,True
b733887c22f8a4488182a2d039e392c89aac6aee4109c55dab286c548b87bbfe,True
b78d66de4f94fd68a2fa5181f8b2a865d43f44fba0efbff7dd3a8215ce153891,True
b7c15caac55c93b0f5cabf9f74d0f22ea855465d00e18526f08dff5a6aa4fa00,True
b7f5d309309e41f43d6605b2007088afb5bf82c677bca8f50b392f27c3db8c1b,True
b80644803f578f33e59aa51ebec2e1c6726afb4447344d8e299216797bde2747,True
b90523524065d4358df2133602b87321037a2050b78f4e1e19c50a4813a0b052,True
b954ae1f5c52de5155a9e1e54d5ab96a940dc715d2624ff48c1839dc6ba1b53f,True
b96d28c0c43a8bc8c124dfbd69b03e2ea83c698024a7bd4e3770a2465e425c44,False
b96e79b671939ee9aa47b3f065f73fa2a5098aa0725ce99b81975314dd206ffe,True
b9bccbf332c6f942113a67885cedc8e916f1ee5818ce7a5cbe931af88bf43640,True
ba06102388ef51532a4571113245afb0d6850395b10d5e5651549862a8c34a04,True
ba773b72c6390ae0db292b69a35ec7f686c4b224875fb1f40e2ec117e2871236,True
bad3617996496241bbec818780774e257355fefb24ea21ea9e224ffeb6972536,False
bae1b67a9523966105eb93ad67f1e66380e90afd01baa355373a51c7528eb312,True
bb58e339c8c729136d364ae9398de47e8b3c7b70785d8294ae51dcf07fc43c98,True
bb741e7ac48085e964e7fdfbd19b97a7376712b09c540a95c9a5f1872034908b,True
bbc21ead00fd6f513c18d6b185082cd04583d1ccb2862732c5535b8eb37d53a3,False
bcb64ec803aa8e0fc6936eaa75b67d7a40a0d189d28ecb67d5607ddd9912adaf,True
bd6961b640428b98d74a97b12ff8e7c90c582556a4cd58abf328a07ebae8879c,True
bd8164f6460bc87be9354020ef41e523243c6f7fce9be655413ee9c891d62c0c,True
bdda59259acb860fde79314444343d65a797a50bbd0708ba26aec89d6aae227a,True
bdfe53ec3b0fe84ed197930c8adeb2a6e0a5fd5183d9189fdadb27c894e687e3,True
bea7b46ebc24ba7f890efc9c50000392ce7c2c8fccf1c05c12c01b82b523ab77,True
bee2251eba48fd551c7bcad485a185f2dc1ef65076bcb6e1c968e8f113cd3fd0,True
bf0dc5300f6f7654e37fee743caee1bcfcd19e4445784254b4f7bfa938799022,True
bf8c9a49986def1305c29e57134e30632812d731b56b635b9d374a5190cc4678,True
c073619f9f6a64f0666db5eed38ae2d170d64ed5493d09b48ebb22edfab95536,True
c075b97afc0e7ce2b05229c5694d3043efb3a62a07aa4d0a25d49f97709ac629,True
c0bdd07daeb73c3739f70f84b9ed6dda1c45c305ac3c9edb152c2ac07286a517,True
c0d0665bc0fc83c9204e30057d7c626e80f3ebe1e0554f17930274aa11996ef1,False
c0e52121d52fa0619a45f01c836fc13cae2565d5fb3ba111a8ddcbd040e2511a,False
c1a1d3bf4335b5a2ede874eff567118768d19b9cf60491341337d9738c2628a3,True
c1bbf378ed72b76c61a34003b784f9257ce5263ee3c19c4ad8d3038ae718df3f,True
c23de2111100cc918a38101d4594b79977aaa9c7be5e58de36ac61aef226c465,True
c26e5f4ec1a3a96dd79e4f44040d665bd2df2f36f349867ad4accf0d1a907e0f,True
c3c372d8f8bb81cf47aa95b668db4ec994acb075a3f6c5b1d2ec04593dc05442,True
c3f542433ab84fdb5f250ed72c621573e896344c341d56556c84d5ef874e6960,True
c3f58fc7e4e51a2d4c6551fd6cebac7d8c0bf79d83f1235e7570c2db574df0f6,True
c45219a3fd0cf51360c30b7aa0cba985ad1d28030785ab9dc5083090540409d8,True
c468bd5efd74928270e3ed0dd95ba7a089200ef30d22e52f2edd8b0544f9c020,False
c56f7b994707861555b133c1826ddf02745007d10b457cf50172a170f5d933f3,True
c58b36b1a42ff2c6e51f40c8dc81a69c1ae325bdcbe71a4c18699ec054d8eb5e,False
c5dcc3b463c2f40e7a65f1fe5d0502dfd7ce5ab923731ae8b020e1ce30380cd7,True
c5ed5ae369da1d7784e5750e5da0ff898b438b79a7875590cad8bdd6af3e99f4,True
c6714dab5a5a0ad0af84c32d4b4d5bc7f41a82e413afff6b19d531e536fb2927,True
c785dd4c2c71d7438ecc628c0544a3d89c5aa5a258d8cf7107e57d3b717920f5,False
c78b25e7b2dfb79c1d4cdbfa1bbe7389a4f14144d9ec7f0ad06c9ca6beda38f5,False
c79eafdedf764d6b8ed3c18e9d1853f881b452e017202ac8eed2828dca2e0450,False
c7eb221558c49c1bc163ed223f2fd9847c4f1bce98401c779cbcdd5738b54edc,False
c7ed85fa8c7c137ab03cdb8f0fe4e4e57ffe9dd07211cea14220526e744fe3b9,False
c80849b89470656a8f81e539e38a7246e032d943639e3a161612a6daabb77282,True
c80eb3477fe87ce75b724d82194756e62b21860925664ee3782b0a1a7d7b925a,True
c835a4ed16c8c96d262b659e9dcdce69f981f861663ce8b590de20511496a2fe,True
c8a03bb2a34bef9c9adb1c61faa08c8b7d647c40be7b88029485e53335eb06b8,True
c9990afee1ca55f42a292a4fd4c81132e0a6825e99cba03444e285245297476a,True
c9cd1023a5fd49b3221d9b0ca4f5abbfc4b70df9bd25c99b5eac270d1a091814,True
c9e9f4d1945fc9cb9daf5b4a72032a00ba7040154e3fe44be5371fbb7da695ea,True
ca19795538ded5ca26ae167d5417cc200d51ff7738e36695fbb05b305dbc15b6,True
ca447331085e7af73e68978ee559f0ed7f9559d96ea3a70513550768144d0818,False
ca5a1526a7f3fcdc75fe9be2ea48f3f89d9762045d6b62c6e00d249a6c2d8c88,True
ca71816212ad21bb4e27bacdf9fd226acc1c9dbab6614e459b24212338f884dc,True
cad29fb4bd5990a83d64949b2ae6224b58951a6e54cc2805834b964773573aef,True
cb0641e8f221b483c861a04a2cfa0840e4acf63f93095bc6ce7f250ff344dcea,True
cb4f213d58e190fd647be421ddd3e345a3d6e2281f103442f72dfbf5601cd408,False
cb50b7e491feb8d055174fd5ab348c2436f07ac29f4747236e997d29cbef61fc,False
cbcbc687185c6ab3c1b0dbf730ffd44a6b0d8ae29797fc519aae4d14ccf2be66,True
cc796a39d3a7d48581c28e249987d8ca8a2c1798bf39de1e19ef66536085ccaf,False
cc7a593c4d313575d05863ee9f0e6dee43990013e1fe8f3babdbf8d6005dd510,True
cc921e0670b63842cf917e784f2a32d0419defe2447a15d0a3ec396cbcdc07af,True
ccb3db997b58b968469df5b92f035c971fff3863a120992889c0d1507e2cdb9e,True
ccea51593adf4c6a3205a2caa943ab3ed52c918d2dd3c218ba56ef61775d563e,True
cd45acb8d6995389a4667133e25d150f6f62e5dac5bed0f6f043d40bb59488d4,True
cd7d0874b89cf5f39df34b8556809388e038c59f1b8740184fb4f3f901eb8829,True
cd9c6c3774a1465f229f729469ac9a73561f883a3f980625198571dc9c82a4c4,True
cdaa76263723a68b556dd109795aad222724b5ce4fd9aae0d1f913e34b6c4385,True
cdbb23d2903063282fe152ac63e2838af4c099c2fa18e91d44448ede4cef0a30,True
cde7d34e8a6fdf62f45f927164eeebb49f512d78806d1ddd41dcbc00aacb3b51,False
ce19ced2d3f31d4e5393708d993dceca2717b59e6d58b76515cea0db262807c9,True
ce4992ca463fe9ea22b26f0f8f0ff933c680226947870a0cbb07402d04f9dbe4,True
ce55223338e3acebb4d25f0f8f4aece72ee62d9bf862d329b79c6e378e93f04e,False
cec5cc9dfa8e64cd0bacc6aa6f7767729dec65d6a8d53184b887dc89a6a76884,True
ceede3f9fd6591b7ddebd806034806085ad914dbea25723a5e08b11de5589879,False
cf37a62447241bd1297b90113fd65f0d65cf9e6ae43906e66e012ff752c89a91,True
cf959b4f5e8dbd5b8c13bca917931c6b02ace3cc3835f6f1d88405095c69e393,True
cfc75e9e4f9a40fcfd3d8040a814a7922cde8086ea49087afafa6f23b97f048a,True
cfc81da95bbd4269cd7c1c525e67861f93e0e7e513b73b741816703dfbc6cce5,True
cffcc7c49af3baf33816b69314f7b42d1504ac97835e4024836866a56dbacb82,True
d03a9517cf81eca522f483a8229379002aab4f1067ccf491f7d6cfac62e223f7,True
d08d1d327dd5038d9add88ad817f073b024a206d0204c84a213e8fd9a7ee3aa2,True
d09d8b73128a7f4c123b23260aeebdf46420e2942cd8f9dab78393bb070452fb,True
d0e0d585d9d3840cc31c2367e97215d025f2bb80f21e38a81294fd41277871d7,True
d1152b70f5918e5fcb1e0648d485d7ed5b06a2394bf182ff0a1049cabb04d065,False
d12b75beda6b6b046c088d0ebe654632510deb36a600381c3391ce0cc108f8e3,True
d13d4b6f1f4dc4f66b7a93d72eba7dd5051164277a40e3776a70298ac7cd54dd,True
d158f3cfb47665928c5d304495fa99050a9e4c5b8d54332d400eec78bd7f98b6,True
d174f0c6ded55eb315320750aaa3152fc241acbfaef662bf691ffd0080327ab9,True
d1f02c87243715c31c2483ba90d7ce9d8cb5135ac3b0212d142f804c950fa39d,True
d224dfde2a5b1d9d11cf216aadcc86cf33364aa44d8b76d8528d14183900e221,True
d2449cc89ac83328aeafc33a6c83f6a79165d08db887bae12c80a7bc5ea50e8e,False
d268693524fc895727d54f8aa8e74b98477528850b911fc65ef156127dff161a,False
d322cd714f9a91593e01dfe061b4b6983cf70c4b9e2321dcd45a55ffa79303c8,True
d35d748aebd7c8112ee9d4d7cc38f430bca5b397afec832d51f3e086b828e845,True
d3b064dd11c1c634020c0c155bf9e33c1f0ad2fd8fc85eb1ffd44e05cfd4c291,True
d42a484bf737e8207f34da4c145571f8cc387e941f85d5b9c5fd07b51094bc59,True
d447242a078661aa69c652929cbedbc1896b135aa50ed27427ea8c7e4d4a71be,True
d4b09cfb630c5d4e123f5ea5076685911243496f62f489cf7a30479542096f35,True
d4b6524315d5de727a8af3e4e73e8b28dab27c62fd0a6a7a891460061c2f3d60,True
d547ab6d0b28d86c32e3d981adc3c5476797c58a6a684a45c3ee0a74847fb571,True
d5872aec821628ddcdf5276cc043041713dbbf44aeeb34e70158f176613887ec,True
d58b2540494683fd6a4bfb1be1cf43896a1da9c3cf5ec1a4a6997e84c4b3b69a,True
d5a73bf70142fca50a74f6a295e2a09dd2396692ebb03e0733f33a9485d7a3c5,False
d5b4bed39cba6b77d04777204e379cd097596e0cbb99da9d1f1f59804ec2f909,False
d5e9981b7fdef80983edcdda6b3e09870fe991720db4684986ceecb01d24506c,True
d612f5bbe5a52c3bfa7bae355fea53d60f252f0bad240bf12af3d31666b5fcf1,True
d69ab6b8780792026dc20e123afbb0e8eab342cbe19b705cb2e1e03d19551986,False
d6f5f66e63c87f7bd8b50fa0327beaed10a8b19f0402ec623616d4c638e962c3,True
d6f9b6e3d507310a7679029dc098040ec3f3223040fe945b7cc67532779327b1,True
d717d812825207c54a3d391be73c08b460408ea915bf1d5f672c1bfecfb7ed8e,True
d765e722e295969c0a5c2d90f549db8b89ab617900bf4698db41c7cdad993bb9,False
d7dd0d6e341d92f91bf7ffa7849a0cb308d7c5f70a3b47970ec6060e8740c625,True
d804633a659722d998a3e82e1e7466b6acda1907204d5e306493daf36eea464e,True
d8276830ad97867bf13dc04ae0190e2c3dbcb14c08b5fe30e609ef817b110ca3,True
d916962897716f0bf2305ac5079465b04bbb4028f6f4d876f8b379ff4b5c8f79,True
d91ce4d753b5d0c4a80fc837d83b9c2ddbb49a22f70536e9e7c23f395e3e45ef,True
d9531bbba6d9a9f439aaa28f140dc821729d3b73f943de923f0348c41acaf9f5,True
d9a84cdee2815df1b496dc6f268fb7367c9cb617604b7913607fdfc0ad346915,True
d9aa69161f9b781e377776b06693794d1c74fb9c5d0e126f37556275b1821802,False
d9bed95674d8f25aba2b84067e0691d254c86d686a4ec42dec119a8a2b006c98,True
d9c83d105c4551487b1c30a9ed8a274be46d759a6f43d1846b7e31bd3edcc013,False
d9da91e8f10fb3e0eb5548180617c6129c5e5c398400fa7a963a1713cb4eb591,True
da11108b7fb14023a20b5d1316e9a5853690b80e079e77a1879ea9a446ef392a,False
da181fbccfc1486333cb302261b5d8389c8dfd60039a8f2cd77e6849295247a6,False
da9c5f609ebbcf19aef3d6992d451ccbe4fa77858660f6861146d1a486e1d98e,True
da9c7594ee8e00c5aa90ad018bc069e8f9504fdaa542813c336ddfbdafbd26e1,False
dadbdeb239152d48606a9245e37e341293f8dc21497b1f7f49faf7047b7d45c1,True
db2cbf710cfa64adc7275bf4630ddf1019f66cd4038baf6f75d144c8f3265264,False
db78b5b857378304d5d72a826a2f1e261a71791eda971bf952cbd8182bbc62bd,True
dc3631d8ee7b78d238da3818d231b5f8a9cb1b3a6540643b792d1fc3e9a7ab62,True
dc4df62efb7c9b410401653297e66098809afa302874d98711b82e20864a8049,True
dc94a603e996002fac39bcff717525d3d442ccaf78ab97be26b588275e8f2a4d,True
dc9800714729a51a4d877748ad4b6a689db0603e0a21b389270b02fc0afede56,False
dcc30430b8da63ea0bc3b47fd76d0f37ac5a33b9f2968e22576e50d8c1651ceb,False
dd041c843c4f3873fa61bd5fcc04afb335ac4ffd27d32d213966f610dc228330,True
dd77a37a3fb9a99a1226dd79ec752f986bfbd5905cbfd62f38b978e6733f9bdb,True
dd93e9773416f5352ab452a1e5c41bd3ca3e2eb79f3f486d410be4dbd9e1c13e,False
dd9c79380713c26e11bbc7e83475be40de44e73348e66129252cdb042199af3d,False
dddf7894b2e6aafa1903384759d68455c3a4a8348a7e2da3bd272555eba9bec0,True
de250df1e7489a671f81a4c2e6d8d878fc8e0a31dfe36b6a716fda90d5b16bb0,True
de9eacbf9662d69c9ac2c2a6152f023d57801bc272f83bdaece3caaf36210be2,True
def47cbe5de9b42a8024427f3183ed92d42aea9dffb1ed8b0aa8fd49d26fa26e,True
dfc0c38b1fe02c3f9ef6187b5bb3d16db49c387ea8514d8d875dcfd509a46063,True
dfc56a704b5e031f3b0d2d0ea1d06f9157758ad950483b44ac4b77d33293cb38,True
dff7117c3fbddbfff87e662b170817516609a38cadf29fcc3d0a793918f6d3a5,True
dffcae84ebda170d95386a17f14c0dc450adc3b05fccf1f7a53d0cd65c2bf3d7,True
e025d1cd91880ce26cf9bcbc4ec1689c5769e7b8a74cde1b5d606a226f14d6dd,True
e0286db278fd9987f11e9aa495968c1faad9ab389d15387d1b678d7172b0977e,False
e079fa28ea51fa98644164caf585ae3231d25372fccca1245902fb57488d4660,False
e127e0e44449a6b22815cb287eb366ecd5dd82faeac5a0297ceefd579107f8d5,False
e149546242d925d24473153a5e6bafbb3e9a4cb36ba86865dfa465d40617be22,True
e168f37e05b77098a7bbd948efc1120d030c6a95de6dd9aeaa1738f66d2fa1b3,True
e17e5969be5267263e1adbf361e80599ae406eaaf348713344cd652ef423a3ad,False
e217b089f11e6c38b12c658b52f2d215d8546ce2b61d999235e5f75e3c87fcd3,True
e2fe0ccd0e99c62ea9000096a6957fea412f16a251190026a82faa29ef91b2dd,True
e382444b9c08a517089365c7f7faa2fb77ec1833841d9205d2926c6e361a14d8,False
e394e7da62d1b272f3bec28cc075485cef04cda0d18c834d7133fbe3cacbb909,True
e3d9fe1d6d23c0641c40e3b3eeda4b08f47f6b93e4afad127436fbaf61a7df4a,True
e41cb506e0425a4de13cb203e274701360c10d84f2cb6b4d59fdd0b3e7785579,True
e4b6f95557a2356d046da60a1ca4e52d302618108fae774b8128ffc0586366e0,False
e4d026295f494f4451cdca57fbeb0bf815b0db6f5b559354128676aac0f5daa3,True
e52bf3df9ac10f10f9a9e7e8287950565ba725dce1c6b9315c77b4b361d7edb0,True
e5abfba23ff6a7b7a2b51024addef4335a6046f13af844a912778e057e9dee45,True
e5ecc9b504121707ebc8782b5a81546ee41e7141d5554271030111c51cc2501f,True
e72635f5f3ef72e10339b89e86a859604de9ea7e25d36daa7a9e87529802322d,True
e779097dea4435849f4c626ecd943bbfed6c74dbf01d138613c8490708e87c62,True
e784defa774c379f5c7c4ba2991088b7d832491954e4b03d403b95f35557c018,True
e7ae497afab39d1799e228532ded33ea74ec4a6bf8c79964a7d0f557c7264fb4,True
e7d13ec9ec5f7941487d13791dae5640ebac867970f1b855d812798032f91720,True
e7d57cbe651e668904a6b154b97642d64f5b09546d1f20350c7ca5946f985f5f,True
e83a100ef343119544c86c96100a05b5a710fc04479d6ac1673cc5ec6c8d11bf,True
e8483e9918697dc2fd3b4fc0fde38795851312dd38c1a6c83acdcaba47f8de7b,True
e8ce08cd3af7cc6e4621daf5818a24ee23694e09782a0684ca0e6c5acbb4e07a,True
e8f5a6e4da45ed2ef4566266b31858251db870931c6fc2b7175a21dd2c2ee3b5,False
e8febfc647772cea9675dfdb42dac38ac50466f606a149100c77672c2faf475e,True
e96dd0b309b24dcd980fd017ed7190631541e1c2190a5a428d1ee456d1e18f2f,False
e970fdbbcd35127388ad909820df33fbe5d0a7bd4b52ccde011c5782edfe03fc,True
e9aae00f52b7382b463b38496310979d66eb032642a6434a051b73f403d2eda3,True
e9c141cc8f4535f2abc77198d303fb533cd4acedb9b1aef39d57529dd6bafe65,False
ea053b7a3fafe6e29c66d8bf5ae31e99751d4d4c3eb081a26d2c23ee8bff41d0,True
ea37edd70819ab94e9e78196fdb84a276c1e70238cd8c83581fc224898c86664,True
ea59dd2187dee43e83d89ccbdc0adb4680e21878ce2bb8f8821d22be840ea09c,True
ea6e1149ee9913745c301e7b7cb914e51e131743d5d1262e226a8a55afba5ca8,True
ea9f2431a64fc69fa9fdc839c8526744ede33f35a8e0a7b703fa2e03382c49d2,True
eacf6ec6fcdcb67ed4c3549076316673490d319b0a9af6278fd634631f015016,True
eaffa2b674b3afc1110ddd54a2835ebe59ed686a564f256dccb40b3bac1010ca,True
eb10b3bf216ea86f24001ad1891c9c1d7233e5b68e1b516695b9f242662d3682,True
eb2cb0dd906110f051d7c49dbe7c28f47b48e32c999da1534b776dc94a274c73,False
eb4b358d784a43733f3b307b562f7d3282cc07d94be7526cd8600bf8a4bee530,True
eb6387debe9316951a92ba6ebac65383b0ed86019a577802d178f83d61abb94c,False
eb70d795a9bc30cd25af85d26eeb6807375dcbb5ea1cd3648df10dcd7f6f717d,False
eb981830f8dfdbb251d95234c1e5352eae56b8d11f26de0b2404c388b021c1b1,False
ebc2b8933b5fb454a2200fed7ff95d1d255fe0f90a2f10a2a409ba1d1d110ca4,True
ec025f81261683fdf2357e373ece5e6a6544e3b0796d829d847ea972d70b1df0,True
ec1a2a57221452e1bec10e19afe13c7ca041cad77087b0f7260ed945ccb933b5,True
ec32dd2b2c64be623119540e7735fa6e53f94a5f1897887e9c92ebd564f74018,True
ec4ae39a5dd909f4bece283807d76d24bbd483113d79251de57f4ee42decf7c8,True
ec5be7c50c187de9346e381fe229eb22a3383dfd70bbac3568051af0ee25016c,False
ec8db8d90582b2c57d0dcf5670ed679c9008b435d0bd2cadca037c84d25df57a,True
ecc5cc62c8200954079191e586123522f88aa1414ae98908380176d75d2e7eab,True
ecd60313ba990f1300b37db4064977e83f109fdf93a728cf434106c1b5b5a2d5,True
ed3341bb3db572210528590643bca9c8f1045b2e161c2493aa39d0c646d22477,True
ed91a0b62d5734b2037d9264d1caf1b12e8ca5009a72df4db3be11bfc30e450f,False
edc7431f81049c3df92735f6834e59da7a2b7fb3f1c9c7838d0ae4ebbdf86cd0,True
edd4328305a32f6f678c09f6c2ebf39057f2300ad71b72814948890795d4c632,True
ee7dd18f59e73fc4569a7a2564d52d6ee55b19757f89f57b17e35f32eb88327b,True
eeb2bc1861ce16da1ce6bf7a28f19b6096454dd3f1133d3cc4f89e6eadf67dfa,False
eefa052da01c3faa1d1f516ddfefa8ceb8a5185bb9b5368142ffdf839aea4506,True
ef30052ac363410d23b70490792ef58d8cb48be9803141003bd5b732ae2d4a31,True
f02eb95bab7a8ecdc3b8d757c3132176f1a172161a999c3eaf15ed2ab3bc75f0,True
f07a0a8fe2896a0a56233ef9a0fe8a9beabf09c6cf54740342d466c07d91d7a7,False
f0c35e0f33dcf7167075c6f79b19aa0c99fd0cabe0c6f669d7454108de5122b1,True
f12cd760d4262bbd5ff525284b22db919275e7c2301dcaa66e43326047540288,True
f18ab6cd601b4c49bce537de83bb3a796dce1f7b93089cde9d11c004657edefc,True
f1a2809f94c92e79ee855d25fb1f0c369833fcceacceb6914051cddd9f767091,True
f1c82464b7e4cba6736b09b7d945d4e22571e1dfe4439c579f28ba2b3d58ecdb,False
f1e8c4d3c0ad964b781157e737ccc4367ac83bbbc6447897967ed323a2d32a0c,False
f201c50d1f743c1b9b58595e927e8d6394ab37a6825bc7f8dc15f63f031c98c5,True
f23660b5a9d0d42308f475a24e1d6ba3a1803f952c16ed6fd70a53592701361d,False
f250bc5734ffad4a59e2cb017f85e495fc8070056c01c5002470567b7179f62d,True
f25beb74b5cbaeaf3ed9497d7c29d276fdf449f7c634dda71b72f2d9b5483f37,True
f2e38262a1478bc7b3d91d0a780bdf62068be238e17c95d93928c32182dd70a4,True
f37ca6c053e17063d8622f5016bf9547e95a06704c1226fd8d09e88f33a52957,True
f3fe692959c5078378e8221aa1da93b566c99737586291f2e2de88218d4df166,True
f414adb00f03f65ae0c2beb324117c44f1ea7e46b7efe10499bc387858a9b4a4,True
f417cd821d852b502b6681046afe6557bc14b4737c5c1f1199025eefe88191ee,True
f4234a501edcd30d3bc15c983692c9450383b73bdd310059405c5e3a43cc730b,True
f4397698ea8b227faab54f8d2cb98346e32fcac147a878d172cae6b17f3b26c5,True
f4865aacbca098c07aea1e49efe9bf55dd13b0120b9f29cf49575532ede8ef04,True
f4d64626d5d14a3e816ac60a1210eba4245449a9b3c097519b86b86b085e3d39,True
f57d23ea2cdfb2add9b6f6da0993149bfb36b2dd0175ab137c12559a386ff2b9,False
f5c29d2220a1134ebff767955e043ad273af49a44daf5a6e941cd96de8194b31,True
f6060b14ee7f8e74bb75e9710f5eda57a86fd391af8c6575ae83b2ffb9cfd290,False
f61e800bb8ce9112c67a82c7f840b2b910e151395045679896e9ea876f9c59d1,True
f62527a0f56252621a8c7c18e0f5131bb53b4a5312dba42b4188b52345cc94a2,True
f74ab1efa874c19f32108d0719951e9b2a6ab0bb9f9b66c53145e75efec1684b,True
f75de77adc9eed21ec758c9f4616bd5a3b83022ed16b682406befad45e6f105b,True
f768fb9b0889d2fb04045939e24ca90f105165debc413696e0c3fb6509bf9dc1,True
f777af65794f92a5949ed2e63a9718dee0b98c9771222473461af19a91ed6f79,False
f77c51eef33beedfd0b41c1f02ce5b5bab6499b9242831031906c9d66d331c73,False
f7b3caf96d26314be264310c3440d238a22205e841c3991b508a920ac430d4b3,True
f7edb590ef4e0f1e865d66dd358b20a8f1e4207cfb35eabbce0f9a7771ec03c6,False
f805a9f9f47b52b8e70ba7a1039e87199a2ecc299982ab64825a8e9821ac7656,True
f814529a6f2e2a29f76d24db2fa858674a3088d6593b0cf4bf75eef4eb4dfe03,True
f82900f13974d768f6716c1c72bc3e9c9dadac253094c4d83b476d1bb3806abd,False
f861c2974820ea06bc38a5b23c6d21f2278e4152b51e4a31cc02d595aa55f0c0,True
f8d015ac4faff5d7a5da0e95f3cc9e9eb18417cd749b3b4625b5312910a25b7b,True
f954f2b083a6c1fd61fd66522a6c32f450bc2481914c26f70ecc91422048c8e9,True
faa080e3c029ae675ef5c38b3884e171b70e2460f8df551a0764e06249ce349d,True
facefae11fd0db592cea87e2b45617052c35740735fa4f11be38fb54dce3f077,True
fae382236e9fdef35faef2dfe2c8f604917de1507900341fe50391abf56d1eb8,True
fb037edda6db14f4cc45540ee0719c8ca02cbc7636f48c14b6dca3bd187f3e44,True
fb2f32a74864309c7fa49bc5ded04863f3d9b72a1f907675a7ab8d2bb2bb081d,True
fb5cf6c33427be9bdc75a7ea976fee2098fd24ce86fcfeab1affe3b4a61c6bb9,True
fba3c9a1a75c774d52d6d6e00603aae2f6799a0131148024031dbba4fd327a6d,False
fbaea63cf0928cdd548719ce257ea3813b92a8765f561bbe7e8842e7d830b87e,True
fbc745c53390b016e0f8520fa691f4341559b57467515ea230ef7127232bce87,True
fbfd7a6c7cc3bbd1461af4b6e89f01c89c752291d970a1236c6a07e819f35616,True
fc482b15b255fe39fb113337b52035a30dc4188b1abc2d0488842870a25311c8,True
fc54140655e3660dc45f2582c9fa41f4f957b22f86375e7c3ca723d28004d8f2,True
fc7a2d08160f299450390086b02c5b02277e1eb8c7cab88bb4313594d0c0cb67,False
fdca79085867f759f16f8452a86fe82f0e2710d07d3b4aad3908524ba3fead0b,False
fdd77d25eddc94adcb3596194e54381e736d9fc59c148d66cd3437e8cc3421d5,True
feb5ecbe032c4c81268dde1395cfeb1d2a418780de95e6ec4666cd1a32c108c5,True
fed161ae617fd483308f66110a4b43594e39602c7ba11dbb7fb6e79fd6f4fbbf,True
ff0d2cc7ee0aa9d9b67e0df1e299b0cce87fb85598e5a1235c3e41d83e9cfaa0,True
ff7597b3fd399d2793c61def07bf375e562cebe7c336161fc9115a594d567174,True
ff927067632cbc9312282420e5ed0e75505e871970b76c169cd57f0ca52c3d84,True
